CRICOS Provider Code,Institution Name,Institution Type,Website
00001K,Canberra Institute of Technology,Government,https://international.cit.edu.au/
00002J,Macquarie University (Macquarie),Government,www.mq.edu.au
00003G,University of New England,Government,www.une.edu.au
00004G,Australian Catholic University Limited,Government,www.acu.edu.au
00005F,Charles Sturt University (CSU),Government,www.csu.edu.au
00008C,Monash University (Monash),Government,www.monash.edu.au
00011G,Gordon Institute of TAFE,Government,http://www.gordontafe.edu.au/
00012G,Holmesglen Institute,Government,www.holmesglen.edu.au
00017B,Bond University,Private,http://www.bond.edu.au/
00018A,Department for Education,Government,http://www.internationalstudents.sa.edu.au
00020G,Department of Training and Workforce Development,Government,http://www.tafeinternational.wa.edu.au/
00025B,The University of Queensland,Government,www.uq.edu.au
00026A,The University of Sydney,Government,http://sydney.edu.au
00040C,Holmes Colleges Sydney Pty Ltd,Private,www.holmes.edu.au
00051M,ELC Career College Pty Ltd,Private,www.elc.edu.au
00053J,Universal Education Centre Pty Ltd,Private,www.uec.edu.au
00057E,Alexander Language School Pty Ltd,Private,www.sgis.wa.edu.au
00061J,Milner International College of English (WA) Pty Ltd,Private,www.milner.wa.edu.au
00066D,Keyseq Pty Ltd,Private,www.phoenix.wa.edu.au
00067C,Holmes Commercial Colleges (Melbourne) Ltd,Private,www.holmesinstitute.edu.au
00080F,You Study Pty Ltd,Private,www.youstudy.edu.au
00092B,TAFE SA,Government,http://www.tafesa.edu.au/international
00094M,South Australian College of English Pty Ltd,Private,http://www.sacecoll.sa.edu.au
00098G,The University of New South Wales (UNSW),Government,www.unsw.edu.au
00099F,University of Technology Sydney (UTS),Government,www.uts.edu.au
00102E,University of Wollongong (UoW),Government,www.uow.edu.au
00103D,Federation University Australia,Government,www.federation.edu.au
00109J,The University of Newcastle (UoN),Government,www.newcastle.edu.au
00111D,Swinburne University of Technology,Government,https://www.swinburne.edu.au/international
00113B,Deakin University (Deakin),Government,http://www.deakin.edu.au/
00114A,Flinders University,Government,http://www.flinders.edu.au/
00115M,La Trobe University (La Trobe),Government,http://www.latrobe.edu.au/international
00116K,The University of Melbourne (UniMelb),Government,http://www.unimelb.edu.au/
00117J,James Cook University,Government,www.jcu.edu.au
00120C,Australian National University,Government,http://www.anu.edu.au/
00121B,University of South Australia (UniSA),Government,www.unisa.edu.au
00122A,Royal Melbourne Institute of Technology,Government,www.rmit.edu.au
00123M,The University of Adelaide (Adelaide),Government,http://www.adelaide.edu.au
00124K,Victoria University,Government,http://www.vu.edu.au/
00125J,Murdoch University (Murdoch),Government,www.murdoch.edu.au
00126G,The University of Western Australia (UWA),Government,http://www.uwa.edu.au/
00129E,Ballarat and Queen's Anglican Grammar School,Private,www.bgs.vic.edu.au
00131M,Billanook College Limited,Private,www.billanook.vic.edu.au
00132K,Brighton Grammar School,Private,http://www.brightongrammar.vic.edu.au/
00134G,The Camberwell Grammar School,Private,http://www.cgs.vic.edu.au/
00135G,Carey Baptist Grammar School Limited,Private,www.carey.com.au
00136F,Caulfield Grammar School,Private,http://www.caulfieldgs.vic.edu.au/
00138D,Eltham College,Private,http://www.elthamcollege.vic.edu.au/
00139C,Fintona Girls School,Private,http://www.fintona.vic.edu.au/
00140K,Firbank Grammar School,Private,www.firbank.vic.edu.au
00141J,Camberwell Anglican Girls' Grammar School,Private,www.cggs.vic.edu.au
00142G,The Geelong College,Private,http://www.geelongcollege.vic.edu.au/
00143G,Geelong Grammar School,Private,www.ggs.vic.edu.au
00144F,The Hamilton and Alexandra College,Private,http://www.hamiltoncollege.vic.edu.au/
00145E,Huntingtower School Association,Private,http://www.huntingtower.vic.edu.au/
00147C,The Ivanhoe Grammar School,Private,http://www.ivanhoe.com.au
00149A,Kilvington Grammar School Limited,Private,http://www.kilvington.vic.edu.au/
00150G,Kingswood College Limited,Private,www.kingswoodcollege.vic.edu.au
00151G,The Knox School Limited,Private,http://www.knox.vic.edu.au/
00152F,Lauriston Girls' School,Private,http://lauriston.vic.edu.au/
00159K,Waterfall Investments Pty Ltd,Private,www.cambridgecollegeinternational.nsw.edu.au
00161E,Kent Institute Australia Pty Ltd,Private,www.kent.edu.au
00172B,Mercury Colleges Pty. Limited,Private,www.mercurycolleges.nsw.edu.au
00181A,Lan-Grove Office Training Centre Pty Ltd,Private,www.sbta.com.au
00197D,Acknowledge Education Pty Ltd,Private,
00202A,Cairns Business College Limited,Private,www.cbcaustralia.com
00212K,University of Canberra,Government,https://www.canberra.edu.au
00213J,Queensland University of Technology (QUT),Government,www.qut.edu.au
00219C,Central Queensland University,Government,www.cqu.edu.au
00231G,Australian College of Natural Medicine Pty Ltd,Private,www.endeavour.edu.au
00233E,Griffith University,Government,www.griffith.edu.au
00244B,University of Southern Queensland,Government,http://www.usq.edu.au/study/international
00246M,Think: Colleges Pty Ltd,Private,www.think.edu.au
00253A,The Australian Ballet School,Private,http://www.australianballetschool.com.au/
00257G,Photography Holdings Pty Ltd,Private,http://www.psc.edu.au
00277D,Royal Victorian Aero Club,Private,www.rvac.com.au
00279B,Edith Cowan University,Government,www.ecu.edu.au
00289M,Navitas English Services Pty Ltd,Private,www.navitasenglish.edu.au
00296A,Airways Aviation Education Pty Ltd,Private,www.airwaysaviation.com
00300K,Charles Darwin University (CDU),Government,www.cdu.edu.au
00301J,Curtin University,Government,www.curtin.edu.au
00306D,Marcus Oldham College,Private,http://www.marcusoldham.vic.edu.au/
00312F,SAE Institute Pty Ltd,Private,www.sae.edu.au
00322D,Melbourne Girls Grammar - An Anglican School,Private,www.mggs.vic.edu.au
00324B,Mentone Girls Grammar School,Private,www.mentonegirls.vic.edu.au
00325A,Methodist Ladies' College Limited,Private,www.mlc.vic.edu.au
00331C,Life Ministry Centre Limited,Private,www.oxley.vic.edu.au
00333A,The Peninsula School,Private,www.tps.vic.edu.au
00334M,Presbyterian Ladies' College,Private,www.plc.vic.edu.au
00340B,Gippsland Grammar,Private,www.gippslandgs.vic.edu.au
00341A,King's Christian Education Ltd.,Private,www.kingscollege.qld.edu.au
00343K,St Leonard's College,Private,www.stleonards.vic.edu.au
00344J,St Margaret's School,Private,www.stmargarets.vic.edu.au
00345G,St Michael's Grammar School,Private,www.stmichaels.vic.edu.au
00348E,Tintern Grammar,Private,www.tintern.vic.edu.au
00349D,Toorak College,Private,www.toorakcollege.vic.edu.au
00350M,Trinity Grammar School Kew,Private,www.trinity.vic.edu.au
00354G,Wesley College Melbourne,Private,www.wesleycollege.edu.au/
00355F,Westbourne Grammar School,Private,www.westbournegrammar.com
00356E,Yarra Valley Grammar School,Private,www.yvg.vic.edu.au
00360J,Concordia College Inc,Private,www.concordia.sa.edu.au
00362G,Immanuel College,Private,www.immanuel.sa.edu.au
00365D,Mercedes College Springfield,Private,www.mercedes.catholic.edu.au
00366C,Muirden Senior Secondary College,Private,www.muirden.sa.edu.au
00367B,Pembroke School Inc,Private,www.pembroke.sa.edu.au
00368A,Prince Alfred College Inc,Private,https://pac.edu.au/
00369M,Pulteney Grammar School,Private,
00371F,St Aloysius College,Private,www.sac.sa.edu.au
00373D,St Peter's Collegiate Girls' School,Private,www.stpetersgirls.sa.edu.au
00374C,Trinity College - North,Private,
00375B,Wilderness School,Private,www.wilderness.com.au
00379J,St Paul's International College,Private,www.spic.nsw.edu.au
00380E,Ascham School Ltd,Private,www.ascham.nsw.edu.au
00382C,Georges River Grammar School Ltd,Private,https://grg.nsw.edu.au/
00399E,Knox Grammar School,Private,www.knox.nsw.edu.au
00401E,Masada College,Private,www.masada.nsw.edu.au
00415K,Redeemer Baptist School Ltd,Private,www.redeemer.nsw.edu.au
00428E,Edmund Rice Education Australia Colleges Ltd,Private,www.aquinas.wa.edu.au
00431K,Bunbury Cathedral Grammar School Inc,Private,www.bcgs.wa.edu.au
00433G,Christ Church Grammar School Inc,Private,www.ccgs.wa.edu.au
00437D,Guildford Grammar School Inc,Private,www.ggs.wa.edu.au
00438C,The Governors of Hale School,Private,www.hale.wa.edu.au
00441G,Methodist Ladies' College,Private,www.mlc.wa.edu.au
00444E,Penrhos College,Private,www.penrhos.wa.edu.au
00445D,Perth College Inc,Private,www.pc.wa.edu.au
00447B,Presbyterian Ladies College Incorporated,Private,www.plc.wa.edu.au
00449M,Scotch College,Private,www.scotch.wa.edu.au
00451F,Mercy Education Limited,Private,www.stbrigids.wa.edu.au
00452E,St Hilda's Anglican School for Girls Inc.,Private,www.sthildas.wa.edu.au
00454C,St Mary's Anglican Girls' School Inc,Private,www.stmarys.wa.edu.au
00460E,Wesley College,Private,www.wesley.wa.edu.au
00463B,Canning College,Government,www.canningcollege.wa.edu.au
00466K,St John's Catholic College,Private,
00477G,The Friends' School Incorporated,Private,www.friends.tas.edu.au
00478F,HUTCHINS SCHOOL BOARD OF MANAGEMENT,Private,www.hutchins.tas.edu.au
00480A,SCOTCH OAKBURN COLLEGE,Private,www.soc.tas.edu.au
00482K,ST MICHAEL'S COLLEGIATE SCHOOL,Private,www.collegiate.tas.edu.au
00487E,The Corporation of the Synod of the Diocese of Brisbane,Private,
00488D,Blackheath and Thornburgh College,Private,www.btc.qld.edu.au
00489C,Board of Trustees of the Brisbane Grammar School,Private,www.brisbanegrammar.com
00491J,The Presbyterian and Methodist Schools Association,Private,
00493G,The Presbyterian and Methodist Schools Association,Private,
00494F,Downlands College Ltd,Private,
00496D,The Corporation of the Synod of the Diocese of Brisbane - The Glennie School,Private,
00499A,Board of Trustees of the Ipswich Grammar School,Private,www.ipswichgrammar.com
00500B,John Paul College Limited,Private,
00503K,Lourdes Hill College,Private,www.lhc.qld.edu.au
00506G,The Roman Catholic Trust Corporation for the Diocese of Rockhampton,Private,www.tccr.com.au
00507F,Board of Trustees of the Rockhampton Grammar School,Private,www.rgs.qld.edu.au
00508E,Board of the Trustees of the Rockhampton Girls' Grammar School,Private,www.rggs.qld.edu.au
00509D,The Roman Catholic Trust Corporation for the Diocese of Cairns,Private,www.sac.qld.edu.au
00510M,The Corporation of the Synod of the Diocese of Brisbane - St Hilda's School,Private,
00511K,St Margaret's School Council Ltd,Private,www.stmagarets.qld.edu.au
00515F,The Corporation of the Synod of the Diocese of Brisbane,Private,www.stpauls.qld.edu.au
00516E,Lutheran Church of Australia - Queensland District,Private,www.stpeters.qld.edu.au
00517D,Corporation of the Roman Catholic Diocese of Toowoomba,Private,www.ssctwb.catholic.edu.au
00521G,Somerset College Limited,Private,www.somerset.qld.edu.au
00522G,The Presbyterian and Methodist Schools Association,Private,www.somerville.qld.edu.au
00523F,The Corporation of the Synod of the Diocese of Brisbane,Private,www.tss.qld.edu.au
00524E,Stuartholme School,Private,www.stuartholme.com
00525D,Board of Trustees of the Toowoomba Grammar School,Private,www.twgs.qld.edu.au
00533D,Board of Trustees of the Ipswich Girls' Grammar School,Private,www.iggs.qld.edu.au
00537M,The Uniting Church in Australia Property Trust (Q.),Private,www.scotspgc.qld.edu.au
00539J,Christian Outreach Centre,Private,www.suncoastcc.qld.edu.au
00540E,Bethel Christian School Limited,Private,www.bethel.nsw.edu.au
00544A,Kinross Wolaroi School,Private,www.kws.nsw.edu.au
00553M,St Philip's Christian Education Foundation Ltd,Private,www.spcc.nsw.edu.au
00557G,Ballarat and Clarendon College,Private,
00558F,Loyola College,Private,www.loyola.vic.edu.au
00561M,Educational Enterprises Australia Pty Ltd,Private,www.eynesbury.navitas.com
00563J,Walford Anglican School for Girls,Private,walford.net.au
00564G,Board of Trustees of the Townsville Grammar School,Private,www.tgs.qld.edu.au
00572G,Edmund Rice Education Australia Colleges Ltd,Private,www.nudgee.com
00574F,St. Catherine's School,Private,www.stcatherines.net.au
00577C,Strathcona Baptist Girls Grammar School Limited,Private,www.strathcona.vic.edu.au
00578B,Heathdale Christian College Limited,Private,www.heathdale.vic.edu.au
00580G,Canberra Grammar School,Private,www.cgs.act.edu.au
00581G,Lutheran Church of Australia - Queensland District,Private,
00586B,University of Tasmania (UTas),Government,www.utas.edu.au/international
00588M,NSW Department of Education,Government,www.deinternational.nsw.edu.au
00591E,Technical and Further Education Commission,Government,https://www.tafensw.edu.au/international
00602G,Westminster School Inc,Private,www.westminster.sa.edu.au
00603F,Saint Ignatius' College,Private,www.ignatius.sa.edu.au
00607B,Sarina Russo Schools Australia Pty Ltd,Private,www.sri.edu.au and www.srienglish.edu.au
00608A,Department of Education,Government,www.eqi.com.au
00615B,Scotch College,Private,www.scotch.sa.edu.au
00617M,Monivae College,Private,www.monivae.com.au
00624A,Scotch College,Private,www.scotch.vic.edu.au
00628G,Seymour College Inc,Private,www.seymour.sa.edu.au
00629G,Loreto College,Private,www.loreto.sa.edu.au
00643J,ACT Education Directorate,Government,
00649C,Haileybury,Private,www.haileybury.vic.edu.au
00650K,LAUNCESTON CHURCH GRAMMAR SCHOOL,Private,www.lcgs.tas.edu.au
00663E,Queensland School of Beauty Therapy Pty Ltd,Private,www.qsb.com.au
00665C,The Australian Institute of Music Limited,Private,www.aim.edu.au
00670F,Marist Schools Australia Limited,Private,www.marash.qld.edu.au
00682B,Moore Theological College Council,Private,www.moore.edu.au
00709G,Trinity College,Private,www.trinity.unimelb.edu.au
00712A,The Corporation of the Synod of the Diocese of Brisbane,Private,www.taschool.qld.edu.au
00713M,SCECGS Redlands Limited,Private,www.redlands.nsw.edu.au
00715J,Edmund Rice Education Australia Colleges Ltd,Private,www.stjamescollege.qld.edu.au
00724G,Melbourne Polytechnic,Government,http://www.melbournepolytechnic.edu.au/
00745C,Catholic Education Western Australia Limited,Private,www.aranmore.wa.edu.au
00756M,The National Institute of Dramatic Art (NIDA),Government,www.nida.edu.au
00765K,Catholic Education Western Australia Limited,Private,www.ursulafrayne.wa.edu.au
00770B,Trinity Anglican School Ltd,Private,www.tas.qld.edu.au
00772M,Sydney Church of England Grammar School Council,Private,www.shore.nsw.edu.au
00780M,Department of Education,Government,www.education.nt.gov.au
00859D,UTS College Limited,Private,www.utscollege.edu.au
00861K,Department of Education,Government,http://www.study.vic.gov.au
00871G,MERCY EDUCATION LIMITED,Private,www.aloysius.vic.edu.au
00874E,St Joseph's College,Private,www.stjosephs.com.au
00878A,Lutheran Church of Australia - Queensland District,Private,www.tlc.qld.edu.au
00881F,Chisholm Institute,Government,http://chisholm.edu.au
00897J,The Pittwater House Schools Ltd,Private,www.pittwaterhouse.com.au
00898G,Holmes Commercial Colleges (Melbourne) Limited,Private,www.holmesinstitute.edu.au
00899G,Whitecliffe Institute of Creative Arts and Technology Pty,Private,www.icat.edu.au
00902F,A B Paterson College Limited,Private,www.abpat.qld.edu.au
00909K,Brisbane Christian College,Private,www.brisbanechristiancollege.com.au
00917K,Western Sydney University,Government,www.westernsydney.edu.au
00923A,Redlands College Ltd,Private,www.redlands.qld.edu.au
00956C,Cass Training Pty Ltd,Private,www.ctic.com.au
00958A,Alphacrucis University College Limited,Private,http://ac.edu.au
00959M,The Cathedral School of St Anne and St James,Private,www.cathedral.qld.edu.au
00969J,Seventh-Day Adventist Schools (South Queensland) Ltd,Private,www.bac.qld.edu.au
00971D,Haileybury Rendall School,Private,www.haileyburyrendall.com.au
00972C,Edmund Rice Education Australia Colleges Ltd,Private,www.slc.qld.edu.au
00974A,The Ivanhoe Girls Grammar School,Private,www.ivanhoegirls.vic.edu.au
00977J,Melbourne Grammar School,Private,www.mgs.vic.edu.au
00978G,Seventh-Day Adventist Schools (Victoria) Limited,Private,www.gilsoncollege.vic.edu.au
00979G,All Saints Anglican School Limited,Private,www.asas.qld.edu.au
00986G,Perth Bible College (Inc),Private,www.pbc.wa.edu.au
00992K,Australian Islamic College (Perth) Inc,Private,www.aic.wa.edu.au
00993J,Whitsunday Anglican School Limited,Private,www.was.qld.edu.au
00996F,Christian Outreach Centre,Private,www.citipointe.qld.edu.au
01016F,Christian Heritage College,Private,www.chc.edu.au
01019C,University of Sydney,Government,www.sydney.edu.au/cet
01020K,UNSW Global Pty Limited,Private,www.unswcollege.edu.au
01022G,Korowa Anglican Girls School,Private,www.korowa.vic.edu.au
01031G,Rabbinical College of Australia and New Zealand,Private,www.rabbinicalcollege.edu.au
01032F,The University of Notre Dame Australia,Private,www.nd.edu.au
01037A,University of Divinity,Private,http://www.divinity.edu.au
01038M,Chabad Institutions of Victoria Limited,Private,
01043C,Hillcrest Christian College Limited,Private,www.hillcrest.qld.edu.au
01070M,EF International Language Schools Pty Ltd,Private,www.ef.com
01095B,Mueller College Ltd,Private,www.mueller.qld.edu.au
01097M,Nazareth College,Private,www.nazareth.vic.edu.au
01100K,Girton Grammar School Ltd,Private,www.girton.vic.edu.au
01102G,St Dominic's Priory College,Private,https://stdominics.sa.edu.au/
01108B,Australian Academy of Music and Performing Arts,Private,http://ampa.edu.au/
01194K,St Aidan's School Council Ltd,Private,www.staidans.qld.edu.au
01218G,Bendigo Kangan Institute,Government,www.kangan.edu.au
01220B,Mackillop Catholic Regional College,Private,www.mackillop.vic.edu.au
01241G,Southern Cross University (SCU),Government,www.scu.edu.au
01248A,Rivermount Education Ltd,Private,www.rivermount.net
01259J,JMC Pty Limited,Private,www.jmcacademy.edu.au
01260E,Lutheran Church of Australia Queensland District,Private,www.plc.qld.edu.au
01272A,Australian International College of Language Pty Ltd,Private,
01294F,Canberra Girls' Grammar School,Private,www.cggs.act.edu.au
01302M,Flight One Australia Pty Ltd,Private,
01307F,SA Adelaide Language Centre Ltd,Private,www.elspm.org.au
01312J,Edith Cowan College Pty Ltd,Private,www.edithcowancollege.edu.au
01317D,The Corporation of the Synod of the Diocese of Brisbane,Private,www.stlukes.qld.edu.au
01328A,ACAP University College,Private,www.acap.edu.au
01329M,The Corporation of the Synod of the Diocese of Brisbane,Private,www.wmac.com.au
01331F,Young Rabbit Pty Ltd,Private,www.apc.edu.au
01351B,International College of Queensland Australia Pty Ltd,Private,www.icqa.qld.edu.au
01376D,Alphington Grammar School,Private,www.alphington.vic.edu.au
01378B,Seventh-day Adventist Schools (South Queensland) Ltd,Private,northpine.adventistconnect.org
01406C,FSAC Ltd,Private,www.stjohnsanglicancollege.com.au
01434K,Caloundra Christian College Limited,Private,www.calcc.qld.edu.au
01457C,Lutheran Church of Australia - Queensland District,Private,www.immanuel.qld.edu.au
01461G,Nambour Christian College Ltd,Private,www.ncc.qld.edu.au
01474B,Ella Bache College Pty Ltd,Private,www.ellabachecollege.edu.au
01484M,"International College of Management, Sydney Pty Limited",Private,www.icms.edu.au
01488G,Hellenic Community of WA Inc,Private,www.sag.wa.edu.au
01497F,Focal Holdings Pty Ltd,Private,www.tibc.nsw.edu.au
01502C,Kardinia International College (Geelong) Ltd,Private,www.kardinia.vic.edu.au
01505M,William Angliss Institute of TAFE,Government,www.angliss.edu.au
01515J,QIBA Pty Ltd,Private,
01529C,The Lake Joondalup Baptist College Inc,Private,www.ljbc.wa.edu.au
01532G,Hillsong College Ltd,Private,www.hillsong.com/college
01535E,The Anglican Church of Australia Collegiate School of Saint Peter,Private,www.stpeters.sa.edu.au
01536D,Prescott College Southern,Private,www.prescott.sa.edu.au
01544D,Actors College of Theatre and Television Pty Ltd,Private,www.actt.edu.au
01545C,Melbourne Institute of Technology Pty Ltd,Private,http://www.mit.edu.au
01551E,Australian National Memorial Theatre Ltd,Private,www.nationaltheatre.org.au
01552D,Basair Australia Pty Ltd,Private,www.basair.edu.au
01576G,Sydney Institute of Business and Technology Pty Ltd,Private,www.sibt.nsw.edu.au
01577F,Australian Baptist Education Inc,Private,www.qbc.wa.edu.au
01589B,Baptist Business College Ltd,Private,www.bedford.edu.au
01590J,Melbourne Institute of Business & Technology Pty Ltd,Private,www.deakincollege.edu.au
01592G,The Corporation of the Synod of the Diocese of Brisbane - Fraser Coast Anglican College,Private,www.fcac.qld.edu.au
01595D,University of the Sunshine Coast,Government,www.usc.edu.au
01600A,Queensland College of Dance,Private,www.qldcollegeofdance.com.au
01609C,Canterbury College Limited,Private,www.canterbury.qld.edu.au
01611J,Prescott College,Private,www.prescott.sa.edu.au
01632D,Sunshine Coast English College Pty Ltd,Private,www.lexisenglish.com
01645K,Woodcroft College,Private,http://www.woodcroft.sa.edu.au
01647G,Holmes Colleges Queensland Pty Ltd,Private,www.holmesinstitute.edu.au
01664G,Heights College Ltd,Private,www.heights.qld.edu.au
01678A,Language Studies International Australia Pty Ltd,Private,
01679M,Hope of the Gold Coast Ltd,Private,www.hopecollege.com
01682E,Navitas Australia,Private,https://www.taylorssydney.edu.au
01688K,Kennedy Baptist College Association Inc.,Private,www.kennedy.wa.edu.au
01697J,International Education Services Ltd,Private,
01709K,Biba Academy of Hair & Beauty Pty Ltd,Private,
01718J,CIC Higher Education Pty Ltd,Private,www.cic.vic.edu.au
01723A,Department of Education,Government,www.tafeinternational.wa.edu.au
01737F,Queensland Institute of Business and Technology Pty Ltd,Private,www.griffithcollege.edu.au
01742J,Becker Helicopter Services Pty Ltd,Private,www.beckerhelicopters.com
01748C,Matthew Flinders Anglican College Limited,Private,www.mfac.edu.au
01751G,Tenison Woods College,Private,www.tenison.adl.catholic.edu.au
01758A,Tasmanian College of English Pty Ltd,Private,www.coe.tas.edu.au
01768K,Sydney Institute of Health Sciences Pty Ltd,Private,www.sitcm.edu.au
01774A,ASHT Pty Ltd,Private,https://alliancecollege.edu.au/
01796F,Cambridge Academy of English Pty Ltd,Private,www.cambridgeqld.com
01799C,Northside Christian College,Private,www.northside.qld.edu.au
01812M,Melbourne Rudolf Steiner Seminar Limited,Private,http://steinerseminar.net.au/
01822J,ACPE Limited,Private,www.acpe.edu.au
01850E,Seventh-day Adventist Schools (Western Australia) Limited,Private,www.victoriaparkchristianschool.wa.edu.au
01854A,Dentos Pty Ltd,Private,www.massageschools.com.au
01855M,Kingsway Christian Education Association Inc.,Private,www.kingsway.wa.edu.au
01856K,Wells International College Pty Ltd,Private,www.wic.edu.au
01857J,Monash College Pty Ltd,Private,http://www.monashcollege.edu.au/
01859G,Headmasters Academy Pty Ltd,Private,www.headmasters.com.au
01867G,Australian Education Group Pty Ltd,Private,www.ellylukas.edu.au
01880K,C3 Church Sydney Ltd,Private,http://www.c3college.com
01884F,Dance Factory Pty Ltd,Private,www.dancefactory.com.au
01888B,Asian Pacific Institute,Private,
01894D,Christian Resource Ministries Incorporated,Private,https://christway.vic.edu.au/
01899K,Canterbury Business College Pty Ltd,Private,www.canterburybc.com.au
01905F,Oceania Polytechnic Institute of Education Pty. Ltd.,Private,www.opie.vic.edu.au
01912G,RMIT Training Pty Ltd,Private,https://www.rmit.edu.au/up
01933B,Tristar Aviation Company Pty Ltd,Private,http://www.tristaraviation.com.au/
01938G,Saint Stephen's College Ltd,Private,www.saintstephenscollege.net.au
01941B,Cairns Beauty Academy Pty Ltd,Private,www.studyinqld.com.au
01942A,Caprock International Pty Ltd,Private,www.lloydscollege.nsw.edu.au
01953J,Clarendon Business College Pty Ltd,Private,www.academies.edu.au
01958D,Waverley Christian College Inc,Private,
01968B,Thomas Carr College Tarneit,Private,
01984B,Association for Christian Education Inc.,Private,www.rehoboth.wa.edu.au
01985A,Sunraysia Institute of TAFE,Government,www.sunitafe.edu.au
01994M,Magill College Pty Ltd,Private,www.magill.edu.au
02015K,Bureau of Meteorology,Government,
02025G,All Souls St Gabriels School Inc,Private,www.allsouls.qld.edu.au
02026G,Youth with a Mission Canberra Inc.,Private,www.ywamcanberra.org
02028E,Supreme Business College Pty Ltd,Private,www.academies.edu.au
02029D,All Saints' College Inc.,Private,www.allsaints.wa.edu.au
02035F,Intech Institute of Technology Pty Ltd,Private,www.intech.edu.au
02042G,Colleges of Business and Technology (WA) Pty Ltd,Private,www.curtincollege.edu.au
02044E,Victorian Institute of Technology Pty Ltd,Private,www.vit.edu.au
02103K,Clip Joint Academy of Hairdressing Pty Ltd as trustee for the Clip Joint Academy Unit Trust,Private,http://www.clipjoint.com.au
02117D,Speak College Pty Ltd,Private,www.lalingua.com
02123F,Youth with a Mission (Perth) Inc,Private,www.ywamperth.org.au
02137M,ILSC (Brisbane) Pty Ltd,Private,www.ilsc.com.au
02139J,Language Links International Pty Ltd,Private,www.languagelinks.wa.edu.au
02140E,Sydney School of Business and Technology Pty Ltd,Private,www.ssbt.edu.au
02155J,Academy of Interactive Technology,Private,www.ait.nsw.edu.au
02160A,Unity College Australia Incorporated,Private,http://www.unity.edu.au
02177C,Sheldon College Ltd,Private,www.sheldoncollege.com
02184D,Caroline Chisholm Catholic College,Private,www.cccc.vic.edu.au
02189K,Ormiston College Ltd,Private,www.ormistoncollege.com.au
02193C,South Australian Institute of Business and Technology Pty Ltd,Private,http://www.saibt.sa.edu.au
02200J,Victory Life International Bible Training Centre Incorporated,Private,www.vlibtc.wa.edu.au
02201G,LCI Melbourne Pty Ltd,Private,www.lcimelbourne.edu.au
02205D,YWAM Townsville Assoc. Inc.,Private,www.ywamtownsville.org
02209M,Our Lady of the Sacred Heart College,Private,www.olsh.catholic.edu.au
02214C,Inter-Continental Colleges Pty Ltd,Private,www.intercontinental.edu.au
02224A,Leo Cussen Institute,Private,www.leocussen.vic.edu.au
02225M,University of Southern Queensland,Government,www.usq.edu.au
02227J,Mercy Diocesan College,Private,
02233M,Sheila Baxter Training Centre Pty Ltd,Private,www.baxter.vic.edu.au
02260G,The Hills Grammar School,Private,www.hillsgrammar.nsw.edu.au
02266B,THE ATHENA SCHOOL LIMITED,Private,www.athena.nsw.edu.au
02267A,St Paul's Grammar School Penrith Ltd,Private,www.stpauls.nsw.edu.au
02268M,Kincoppal - Rose Bay School,Private,www.krb.nsw.edu.au
02269K,The Council of Macarthur Anglican School,Private,www.macarthur.nsw.edu.au
02270F,The Council of Abbotsleigh,Private,www.abbotsleigh.nsw.edu.au
02273C,The Association for Christian Education of Blacktown Ltd,Private,www.tyndale.edu.au
02274B,The Uniting Church in Australia Property Trust (Synod of Victoria and Tasmania),Private,www.scotsalbury.nsw.edu.au
02275A,Wenona School Ltd,Private,www.wenona.nsw.edu.au
02276M,The Council of St Andrew's Cathedral School,Private,www.sacs.nsw.edu.au
02277K,The Presbyterian Church (New South Wales) Property Trust,Private,scotsallsaints.nsw.edu.au
02280D,The Presbyterian Church (New South Wales) Property Trust,Private,www.plc.nsw.edu.au
02284M,Kambala,Private,www.kambala.nsw.edu.au
02285K,The Armidale School,Private,www.as.edu.au
02287G,The Presbyterian Church (New South Wales) Property Trust,Private,www.tsc.nsw.edu.au
02290B,Council of Newington College,Private,www.newington.nsw.edu.au
02293K,The McDonald College Limited,Private,www.mcdonald.nsw.edu.au
02295G,The Presbyterian Church (New South Wales) Property Trust,Private,www.plcarmidale.nsw.edu.au/index.htm
02298E,Cranbrook School,Private,www.cranbrook.nsw.edu.au
02300E,The Council of The Illawarra Grammar School,Private,www.tigs.nsw.edu.au
02301D,St John's Grammar School Inc,Private,www.stjohns.sa.edu.au
02306K,Ravenswood School For Girls,Private,www.ravenswood.nsw.edu.au
02308G,The Council of Trinity Grammar School,Private,www.trinity.nsw.edu.au
02315J,The William Branwhite Clarke College Council,Private,www.wcc.nsw.edu.au
02316G,Calrossy Anglican School,Private,www.calrossy.nsw.edu.au
02318F,Meriden School,Private,www.meriden.nsw.edu.au
02320A,The Council of Tara Anglican School for Girls,Private,www.tara.nsw.edu.au
02322K,"The Council of St Catherine's School, Waverley",Private,www.stcaths.nsw.edu.au
02326F,The Council of the King's School,Private,www.kings.edu.au
02328D,MLC School,Private,www.mlcsyd.nsw.edu.au
02333G,Bishop Druitt College Council Inc,Private,www.bdc.nsw.edu.au
02340G,Pacific Group of Christian Schools Limited,Private,www.pacifichills.nsw.edu.au
02342F,Coptic Orthodox Church (NSW) Property Trust,Private,www.smcoc.nsw.edu.au
02344D,Newcastle Grammar School Ltd,Private,www.ngs.nsw.edu.au
02353C,Sydney English Academy Pty Ltd,Private,www.sea-english.edu.au
02362B,Lexis Sydney Education Pty Ltd,Private,https://www.lexisenglish.com/
02370B,Dynamic Management Group Pty Ltd,Private,www.rbit.qld.edu.au
02375G,University Senior College at Adelaide University Inc,Private,www.usc.adelaide.edu.au
02379D,German School Johannes Gutenberg,Private,www.germanschoolsydney.com
02380M,Le Cordon Bleu Australia Pty Limited,Private,www.cordonbleu.edu/australia
02392G,A.M.T. Helicopters Pty Ltd,Private,www.airwork.com.au
02398A,Academies Australasia Institute Pty Limited,Private,www.academies.edu.au
02399M,Academy of English Pty Ltd,Private,www.academies.edu.au
02401M,Australian International High School Pty Limited,Private,www.academies.nsw.edu.au
02402K,Endeavour College Inc,Private,www.endeavour.sa.edu.au
02403J,The Queensland Institute of Commerce and Technology Pty Ltd,Private,www.qcve.edu.au
02406F,The Academy of Interactive Entertainment Ltd,Private,www.aie.edu.au
02408D,Australian College of Technology Pty Ltd,Private,www.academies.edu.au
02411J,Box Hill Institute,Government,www.boxhill.edu.au
02423E,The Corporation of the Synod of the Diocese of Brisbane,Private,www.cac.qld.edu.au
02425C,Aviation Australia Pty Ltd,Government,www.aviationaustralia.aero
02426B,Kaplan Business School Pty Ltd,Private,www.kbs.edu.au
02427A,Ozford College Pty Ltd,Private,www.ozford.edu.au
02439G,Academies Australasia Polytechnic Pty Limited,Private,http://www.aapoly.edu.au/
02447G,The Corporation of the Synod of the Diocese of Brisbane,Private,www.saac.qld.edu.au
02448G,Alia College Ltd,Private,www.alia.vic.edu.au
02449F,Emmanuel Anglican College Council,Private,www.eac.nsw.edu.au
02450B,Education Access (Australia) Pty Ltd,Private,https://eaa.edu.au/
02462J,Burleigh Heads Language Centre Pty Ltd,Private,
02468C,Geraldton Grammar School Inc.,Private,www.geraldtongrammarschool.wa.edu.au
02471G,Manageering Pty Ltd,Private,www.waaviationcollege.com.au
02475D,Victoria University,Government,www.vu.edu.au/international
02483D,Australian Child Care Career Options (ACCCO) Pty Ltd,Private,http://www.accco.com.au
02485B,Blackfriars Priory School,Private,www.blackfriars.sa.edu.au
02491D,Top Education Group Ltd,Private,www.imc.edu.au
02494A,Rabarl Pty Ltd,Private,http://www.acah.edu.au
02499G,Shane Global Village Brisbane Pty Ltd,Private,http://www.lexisenglish.com
02500G,Whitsundays College of English Pty Ltd,Private,www.wce.edu.au
02501G,Ozford English Language Centre Pty Ltd,Private,www.ozford.edu.au
02506B,Australian National Institute of Business & Technology Pty Ltd,Private,http://www.anibt.vic.edu.au
02522B,ACMUSE Australia Pty Ltd,Private,www.makeupcollege.com.au
02527G,The Moerlina School Inc.,Private,www.moerlina.wa.edu.au
02529F,Union Institute of Language - Springfield Campus Pty Ltd,Private,
02530B,Moorabbin Aviation Services Pty Ltd,Private,http://www.moorabbinaviationservices.com.au
02534J,USQ International College Pty Ltd,Private,http://canterburyla.com.au/
02537F,Presbyterian and Methodist Schools Association,Private,www.scgs.qld.edu.au
02543G,Kingston International College Pty Ltd,Private,www.kingstoncollege.wa.edu.au
02551G,English Language Company Australia Pty Ltd,Private,www.elc.edu.au
02552G,Brighton Educational Services Pty Ltd,Private,
02564C,Elizabeth Bence Pty Ltd,Private,www.duke.edu.au
02571D,Group Colleges Australia Pty Ltd,Private,"www.ubss.edu.au, www.gca.edu.au"
02598D,Our Lady of the Sacred Heart Catholic College,Private,www.olshalice.catholic.edu.au
02599C,Australian Academy of Commerce Pty Ltd,Private,www.aac.nsw.edu.au
02606J,AH & B College Pty Ltd,Private,http://www.ahbc.nsw.edu.au/
02615G,Brisbane College of Australia Pty Ltd,Private,
02622J,Seventh-day Adventist Schools (Greater Sydney) Ltd,Private,www.greatersydney.adventist.edu.au
02634E,Australian Academy of Vocational Education and Trades Pty Ltd,Private,http://www.academia21.com
02639M,Holmes Institute Pty Ltd,Private,www.holmesinstitute.edu.au
02644C,Education Centre of Australia Pty Ltd,Private,www.elsis.edu.au
02645B,A.I.W.T. Pty. Ltd.,Private,www.aiwt.edu.au
02647M,Australian Performing Arts Grammar School Limited,Private,www.apgs.nsw.edu.au
02649J,Flight Training Adelaide Pty Ltd,Private,www.flighttrainingadelaide.com
02650E,Australian University of Theology Limited,Private,www.actheology.edu.au
02657J,Macquarie Education Group Australia Pty Ltd,Private,www.mega.edu.au
02658G,Logic Entity Australia Pty Ltd,Private,www.abbeycollege.edu.au
02660C,International Film School Sydney Pty Ltd,Private,http://www.aftt.edu.au
02663M,Browns English Language School Pty Ltd,Private,www.brownsenglish.edu.au
02664K,Excelsia University College,Private,http://excelsia.edu.au/
02668F,Pacific College Pty Ltd,Private,www.pct.edu.au
02672K,Greenwich College Pty Ltd,Private,www.greenwichcollege.com.au
02674G,Australian Association for International Education Inc,Private,www.iswa.wa.edu.au
02678D,Victory Institute of Vocational Education Pty Ltd,Private,www.victory.nsw.edu.au
02679C,Australian Online Institute Pty Ltd,Private,www.aoi.edu.au
02684F,George Education Group Pty Ltd,Private,www.wincollege.edu.au
02695C,Imagine Education Australia Pty Ltd as trustee for The Imagine Education Australia Unit Trust,Private,www.imagineeducation.com.au
02708C,Seventh-Day Adventist Schools (South Queensland) Limited,Private,www.goldcoastchristiancollege.qld.edu.au
02709B,Trinity College Senior School,Private,www.trinity.sa.edu.au
02716C,Della International College Pty Ltd,Private,www.dellainternational.edu.au
02723D,UOWC Ltd,Private,www.uowcollege.edu.au
02724C,Australian International Islamic College Board Inc,Private,www.aiic.qld.edu.au
02727M,Holmes Institute Pty Ltd,Private,www.holmesinstitute.edu.au
02731D,Avondale University,Private,www.avondale.edu.au
02736K,Strathfield College Pty Ltd,Private,www.strathfieldcollege.edu.au
02737J,Institute of Training and Further Education Pty Ltd,Private,www.itfe.edu.au
02738G,Campion Institute Limited,Private,www.campion.edu.au
02743M,LYCEE CONDORCET THE INTERNATIONAL FRENCH SCHOOL OF SYDNEY LTD,Private,www.condorcet.com.au
02746G,Australia Moreton Education Group Pty Ltd,Private,
02747G,Onyx Developments Pty Ltd,Private,www.aischool.edu.au
02748F,Jasagency Pty. Ltd.,Private,www.spcgroup.me
02751M,UPC Pty Ltd,Private,www.upc.edu.au
02754G,PGA OF Australia Institute Pty Ltd,Private,www.pga.org.au
02759C,Kooralbyn Campus Inc,Private,www.tkis.qld.edu.au
02762G,Lifetime International.Com Pty Ltd,Private,www.cocooncollege.edu.au
02763G,Queensland International Study Group Pty Ltd,Private,www.qii.qld.edu.au
02767C,Holmes Institute Pty Ltd,Private,www.holmesinstitute.edu.au
02771G,Precept Education Pty Ltd,Private,www.acit.edu.au
02778M,MIT Institute Pty Ltd,Private,www.mitinstitute.nsw.edu.au
02790D,Hays International College Pty Ltd,Private,www.hic.vic.edu.au
02799F,St George College Inc,Private,www.sgc.sa.edu.au
02800G,Warwick Institute of Australia Pty Ltd,Private,www.warwick.edu.au
02804C,EQUALS International (Aust) Pty Ltd,Private,www.equals.edu.au
02813B,Niche Education Group Pty Ltd,Private,http://www.nicheeducation.com.au
02815M,Menzies Institute of Technology Pty Ltd,Private,http://www.menzies.vic.edu.au
02819G,Modern Communications Australia Pty Ltd,Private,
02826G,Sragill Pty Ltd,Private,www.aveta.edu.au
02835G,Sunshine College of Management Pty Ltd,Private,http://www.scm.vic.edu.au/Home
02847C,Bayside College Pty Ltd,Private,www.baysideenglish.vic.edu.au
02851G,Western Sydney University Enterprises Pty Limited,Private,www.westernsydney.edu.au/thecollege
02856B,Nova International Education Pty Ltd,Private,www.novainstitute.net.au
02858M,BJSB Pty Ltd,Private,www.imperial.edu.au
02863C,WHITEHOUSE INSTITUTE PTY LTD,Private,www.whitehouse-design.edu.au
02864B,International College of Advanced Education Pty Ltd,Private,www.icae.edu.au
02868J,Australian Institute of Technical Training Pty Ltd,Private,http://www.aitt.vic.edu.au
02869G,Evolution Systems for Training & Development Pty Ltd,Private,www.evolution.edu.au
02870D,Crown Institute of Business and Technology Pty Ltd,Private,https://www.cibt.edu.au
02871C,Sydney International Academy Pty Ltd,Private,www.nswenglish.com.au
02880B,The Quality Training and Hospitality College Pty Ltd,Private,https://www.qca.edu.au/
02885G,Australian Language Schools Pty Ltd,Private,www.ihbrisbane.com.au; www.alscertificates.com
02886G,Melbourne College of Hairdressing Beauty Therapy & Natural Medicine Pty Ltd,Private,http://www.mcohb.com.au
02892J,ITHEA Corporation Pty Ltd,Private,http://www.ithea.vic.edu.au
02894G,Inforum Australia Pty Ltd,Private,www.inforum.com.au
02898C,Everthought College of Construction Pty Ltd.,Private,www.ecoc.edu.au
02899B,Kingston Training and Employment Pty Ltd,Private,www.dnakingstontraining.edu.au
02908F,Zarah Institute of Education Pty Ltd,Private,www.barton.edu.au
02910A,Apple Study Group Pty Ltd,Private,www.apple.nsw.edu.au
02914G,ICHM Pty Ltd,Private,http://www.ichm.edu.au
02915G,Durban International College Pty Ltd,Private,https://dic.edu.au/
02919C,Federation Technology Institute Pty Ltd,Private,www.fti.edu.au
02924F,AUSTRALIAN ACADEMY OF HIGHER LEARNING PTY LTD,Private,
02925E,Education Training & Employment Australia Pty. Ltd.,Private,http://www.etea.edu.au
02926D,Pass Global Pty Ltd,Private,www.altec.edu.au
02931G,Hawthorn Learning Pty Ltd,Private,www.hawthornenglish.com
02933E,Australasian Lawrence Aged Care College Pty Ltd,Private,www.alacchealth.edu.au
02934D,Southern Cross Education Institute Pty Ltd,Private,www.scei.com.au
02938M,Canterbury Technical Institute Pty Ltd,Private,www.cti.qld.edu.au
02939K,College of Complementary Medicine NSW Pty Ltd,Private,www.complementary.com.au
02943C,Covenant College Tuggeranong ACT Association Incorporated,Private,http://www.covenant.act.edu.au
02945A,NEGS LIMITED,Private,www.negs.nsw.edu.au
02946M,RITZ COLLEGE PTY LTD,Private,https://ritz.vic.edu.au/
02948J,Australian University College of Divinity Ltd,Private,www.scd.edu.au
02954M,Coolum Beach Christian College Ltd,Private,www.cbcc.qld.edu.au
02961A,Iascend Polytechnic Pty Ltd,Private,www.mcfe.com.au
02966G,Global Education Ministry Incorporated,Private,www.alcollege.edu.au
02970M,Angad Australian Institute of Technology Pty Ltd,Private,
02975F,Astute Training Pty Ltd,Private,www.astutetraining.com.au
02978C,Australian College of Commerce & Information Technology Pty Ltd,Private,
02983F,J & J Aviation Pty Ltd,Private,www.mfs.com.au
02992E,Queens Group Pty Ltd,Private,http://www.rhodescollege.vic.edu.au/
02995B,Impact English College Pty Ltd,Private,www.impactenglish.edu.au
02996A,Star Gazers Education Pty Ltd,Private,www.danford.edu.au
02999J,KFQ Partners Pty Ltd,Private,www.aiemel.vic.edu.au
03000J,Colleges Australia International Pty Ltd,Private,http://www.queens.qld.edu.au
03005D,Ace Sports Pty Ltd,Private,www.acesports.edu.au
03009M,Australian National College Pty Ltd,Private,www.anc.vic.edu.au
03010G,Malekhu Investments Pty Ltd,Private,www.queensford.edu.au
03015B,New Cambridge College Sydney Inc,Private,www.nccs.nsw.edu.au
03016A,School of Hairdressing Pty Ltd,Private,www.taylorweir.com.au
03017M,Pearson Aviation Pty Ltd,Private,http://www.pearsonaviation.com.au
03019J,Byron ELA Pty Ltd,Private,www.lexisenglish.com
03020E,TAFE Queensland,Government,www.tafeqld.edu.au
03021D,Crumps International Pty Ltd,Private,www.eet.edu.au
03024A,"Melbourne City Institute of Education Pty Ltd, as trustee for MCIE Unit Trust",Private,www.mcie.edu.au
03029G,Australian Careers College Pty Ltd,Private,www.accollege.edu.au
03033M,The Corporation of the Roman Catholic Diocese of Toowoomba,Private,www.st-ursula.qld.edu.au
03034K,Sheffield College of Technology Pty Ltd,Private,www.sheffield.edu.au
03039E,Imperial Education Group Pty Ltd,Private,www.ironwood.edu.au
03041M,TasTAFE,Government,www.tastafe.tas.edu.au/international
03042K,Universal Network of Infotech Pty Ltd,Private,http://www.universal.sa.edu.au
03047E,Stanley International College Pty Ltd,Private,www.stanleycollege.edu.au
03048D,Asia Pacific International College Pty Ltd,Private,www.apicollege.edu.au
03051J,Perth College Of Business and Technology Pty Ltd,Private,www.pcbt.wa.edu.au
03053G,Australian Ideal College Pty Ltd,Private,www.aic.edu.au
03057C,International College of Capoeira Pty Ltd,Private,www.csf.edu.au
03069K,Australian Professional Education Institute Pty Ltd,Private,www.siit.nsw.edu.au
03071E,Australian Learning Group Pty Ltd,Private,https://alg.edu.au/
03076M,SALFORD COLLEGE PTY LTD,Private,
03082B,Australian College of Trade Pty Ltd,Private,
03090B,Acumen Education Pty Ltd,Private,www.acumen.edu.au
03093K,Spencer College Pty Ltd,Private,www.spencercollege.edu.au
03094J,Envirotech Education Pty Ltd,Private,https://envirotech.edu.au/
03105M,King's Institute of Management and Technology Pty Ltd,Private,
03113M,New England Institute of Technology Pty Ltd,Private,http://www.nec.edu.au/
03122K,St George & Sutherland Community College Incorporated,Private,http://www.sgscc.edu.au/international
03126F,Australian Adelaide International College Pty Ltd,Private,www.aaic.edu.au
03127E,Kaplan Higher Education Pty Ltd,Private,https://murdochcollege.edu.au/
03133G,Adelaide Institute of Business and Technology Pty Ltd,Private,
03134F,Australian National College of English Pty. Ltd.,Private,www.ance.vic.edu.au
03142F,Ashton College Pty. Ltd.,Private,www.ashtoncollege.edu.au
03147A,Australian Institute of Higher Education Pty Ltd,Private,www.aih.edu.au
03149K,International Institute of Management Pty Ltd,Private,"www.americancollege.com.au, www.americancollege.edu.au"
03152D,Pax Institute of Education Pty Ltd,Private,www.pax.edu.au
03155A,The College of Law Limited,Private,www.collaw.edu.au
03156M,Apex Institute of Education Pty Ltd,Private,www.apexaustralia.edu.au
03157K,LaTrobe International Galleries Pty. Ltd.,Private,www.lcad.edu.au
03159G,Media Makeup Academy and Agency Pty Ltd,Private,http://www.mediamakeup.com.au
03164M,Australian College of Technology and Business Pty Ltd,Private,www.actb.com.au
03167G,Angel United Group Pty. Ltd.,Private,http://www.spi.vic.edu.au
03171A,Australian Institute of Business and Management Pty Ltd,Private,www.koi.edu.au
03173K,ALIF Australia Pty Ltd,Private,www.australisinstitute.nsw.edu.au
03177F,Global Education & Tourism Group Pty Ltd,Private,www.kway.com.au
03181K,Australian Airline Pilot Academy Pty Ltd,Private,www.aapa.net.au
03182J,Beaconhills Christian College Ltd,Private,www.beaconhills.vic.edu.au
03187D,AUSTRA COLLEGE,Private,
03188C,West Australian Institute of Further Studies Pty Ltd,Private,http://www.waifs.wa.edu.au
03189B,Jabin Hopkins Pty Ltd,Private,
03197B,National Art School,Private,www.nas.edu.au
03208D,Captain Cook Institute Pty Ltd,Private,www.georgebrown.nsw.edu.au
03210K,The Management Edge Pty Ltd,Private,www.tme.edu.au
03211J,IAA Education Pty Ltd,Private,http://www.iaa.sa.edu.au
03215E,Pacific Language School Pty Ltd,Private,www.pacificenglishstudy.com
03217C,Central Australian Institute of Technology Pty Ltd,Private,
03219A,Australian Careers Education Pty. Ltd.,Private,www.ace.vic.edu.au
03220G,EIM International Training Pty Ltd,Private,http://www.eiminternational.edu.au
03221G,True Education Pty Ltd,Private,http://www.tedi.vic.edu.au
03222F,Australian Health and Science Institute Pty Ltd,Private,http://www.ahsi.edu.au
03223E,Shiv Sans Pty Ltd,Private,www.einsteincollege.vic.edu.au
03226B,BNB International Colleges Pty Ltd,Private,www.bch.edu.au
03228M,Advance English Pty Ltd,Private,www.advanceenglish.com.au
03232D,Hibernia Institute Pty Ltd,Private,www.hibernia.edu.au
03233C,Nan Tien Institute Limited,Private,http://www.nantien.edu.au
03234B,Pramukh Group of Companies Pty Ltd,Private,http://www.harward.vic.edu.au
03240D,Jasmine Education Group Pty Ltd,Private,http://www.jeg.nsw.edu.au
03241C,Caloundra City School Limited,Private,www.ccps.qld.edu.au
03245K,Melbourne Institute of Technology Pty Ltd,Private,www.mit.edu.au
03246J,Christian Community Ministries Ltd,Private,www.groves.qld.edu.au
03248G,IBN College Pty Ltd,Private,
03249F,Australian Skills Centre Pty Ltd,Private,ausbizi@gmail.com
03250B,Aeropower Pty Ltd,Private,www.aeropower.com.au
03251A,Cairns College of English Pty Ltd,Private,www.cceb.qld.edu.au
03255G,Australian Professional Skills Institute Pty Ltd,Private,www.apsi.wa.edu.au
03256G,Nortwest Pty Ltd,Private,www.nortwest.edu.au
03262J,Discover English Pty Ltd,Private,http://www.discoverenglish.com.au
03265F,Morling College Limited,Private,www.morlingcollege.com
03266E,Australian Institute of Management and Technology Pty Ltd,Private,www.nmc.vic.edu.au
03267D,Edupro Australia Pty Ltd,Private,www.qsft.qld.edu.au
03268C,Gold Coast Learning Centre Pty Ltd,Private,www.goldcoaststudy.com
03273F,Air Gold Coast Pty. Ltd.,Private,www.airgoldcoast.com.au
03274E,Sunset Coast International English School Pty Ltd,Private,http://www.lexisenglish.com
03275D,Equanimity Consultants Pty Ltd,Private,http://www.eei.wa.edu.au
03279M,Wentworth Institute of Higher Education Pty Ltd,Private,www.win.edu.au
03282E,MVJ Enterprises Pty Ltd,Private,www.perthcollege.com.au
03285B,The Greek Orthodox Parish & Community of Belmore & District All Saints Ltd,Private,www.allsaints.nsw.edu.au
03287M,Charles Institute of Technology Australia Pty Ltd,Private,www.cit.nsw.edu.au
03288K,Pymble Ladies' College,Private,www.pymblelc.nsw.edu.au
03290E,Stella Maris College,Private,www.stellamaris.nsw.edu.au
03296K,English Unlimited Brisbane Pty Ltd,Private,https://www.apc.edu.au/study/about-english-unlimited/
03298G,Genazzano FCJ College Limited,Private,www.genazzano.vic.edu.au
03300G,St Augustine's College Sydney,Private,www.saintaug.nsw.edu.au
03312D,Navitas Bundoora Pty Ltd,Private,http://www.latrobemelbourne.edu.au
03317K,St Patrick's College Townsville Limited,Private,www.stpatscollege.qld.edu.au
03319G,Academies Australasia Hair & Beauty Pty Limited,Private,www.brishair.com.au
03322B,Academique Pty Ltd,Private,http://www.academique.qld.edu.au
03326J,Rudolf Steiner Education Group Brisbane Inc,Private,www.samfordsteiner.qld.edu.au
03328G,Skilled Services Australia Pty Ltd,Private,
03330B,Macquarie Grammar School Limited,Private,www.macquariegrammarschool.edu.au
03332M,Diocese of Lismore Catholic Schools Limited,Private,www.lism.catholic.edu.au
03335G,SP Jain School of Global Management Pty Ltd,Private,www.spjain.org
03336G,Sydney Catholic Schools Ltd as Trustee for the Sydney Catholic Schools Trust,Private,www.ceosyd.catholic.edu.au
03337F,St Scholastica's College,Private,www.scholastica.nsw.edu.au
03338E,Rosebank College,Private,www.rosebank.nsw.edu.au
03339D,Trustees of the Roman Catholic Church for the Diocese of Maitland-Newcastle,Private,mn.catholic.edu.au
03341K,INUS Australia Pty Ltd,Private,www.inusaustralia.com.au
03345F,International Institute of Business & Technology (Australia) Pty Ltd (IIBT),Private,www.iibt.edu.au
03346E,Apeiron Asia Pty Ltd,Private,https://focus.edu.au/
03349B,STEPS Sunshine Coast International College Pty Ltd,Private,www.scic.nsw.edu.au
03350J,MnM Institute Pty Ltd,Private,www.mnminstitute.com
03351G,Malvern Institute Pty Ltd,Private,www.cmi.vic.edu.au
03352G,"Department for Education, Children and Young People",Government,https://study.tas.gov.au
03354E,AAPA VICTORIA PTY LTD,Private,www.aapa.net.au
03361F,International Screen Academy Pty Ltd,Private,"www.sydneyfilmschool.com.au, www.sydneyactorsschool.edu.au"
03364C,Hamazkaine - Arshak & Sophie Galstaun College Limited,Private,www.galstaun.nsw.edu.au
03367M,The Makeup Technicians Pty Ltd,Private,www.makeup-technicians.com
03370E,Baris Education and Culture Foundation Limited,Private,http://fountain.wa.edu.au/
03373B,Job Training Institute Pty Ltd,Private,www.jti.edu.au
03374A,Everest Institute of Education Pty Ltd,Private,http://www.everest.edu.au
03375M,AUSTRALIAN COLLEGE OF CHRISTIAN STUDIES LTD,Private,www.ccs.edu.au
03376K,Australian NIT College Pty Ltd,Private,www.sia.wa.edu.au
03377J,Signet Institute of Australia,Private,www.acfe.edu.au
03378G,TOWNSVILLE INTERNATIONAL ENGLISH SCHOOL PTY. LTD.,Private,http://www.tiesnq.com.au
03379G,AUSTRALASIAN INSTITUTE OF AYURVEDIC STUDIES PTY LTD,Private,https://aiasinstitute.com.au/
03383M,Sicop Education & Technology Pty Ltd,Private,www.gatewaycollege.edu.au
03386G,Health Careers International Pty Ltd,Private,
03389E,Torrens University Australia Limited,Private,www.torrens.edu.au
03390A,Elite Education Institute Pty Ltd,Private,www.ee.edu.au
03391M,Sheridan College Inc,Private,www.sheridan.edu.au
03392K,Australian College of the Arts Pty Ltd,Private,www.collarts.edu.au
03395G,Berkeley Business Institute Pty Ltd,Private,www.berkeley.edu.au
03396F,CHC Services Pty Ltd,Private,www.tacis.edu.au
03398D,Pal Buddhist School Limited,Private,www.pal.nsw.edu.au
03399C,National Training Centre of Australia Pty Ltd,Private,http://www.ntca.edu.au
03400D,Australian Academy of Nursing Pty Ltd,Private,www.acos.edu.au
03401C,Max Therapy School Pty Ltd,Private,www.mti.vic.edu.au
03402B,Australian Association of Education and Research Pty Ltd,Private,http://www.ailfe.wa.edu.au
03404M,Amity College Australia Limited,Private,www.amitycollege.nsw.edu.au
03405K,Australian Computer Society Incorporated,Private,https://www.acs.org.au
03406J,Lawson College Australia Pty Ltd,Private,www.lawsoncollege.edu.au
03407G,Institute of Health & Management Pty Ltd,Private,www.ihm.edu.au
03409F,NSW Business College Pty Ltd,Private,www.sydneycollege.nsw.edu.au
03411A,Iona Columba College Pty Ltd,Private,www.iona.edu.au
03413K,GLOBAL TRAINING INNOVATIONS PTY. LTD.,Private,www.oct.edu.au
03415G,TTY Collective Pty Ltd,Private,
03416G,International College of Melbourne Pty Ltd,Private,http://www.icm.edu.au
03417F,Charter Australia Pty Ltd,Private,www.charter.edu.au
03418E,Purna Yoga Ltd,Private,www.byronyoga.com
03420M,NATIONAL INSTITUTE OF TECHNOLOGY PTY. LTD.,Private,http://www.nitaustralia.edu.au/
03421K,International Education Specialist College Pty Ltd,Private,
03423G,The Greek Orthodox Community of Oakleigh and District Inc,Private,http://www.oakleighgrammar.vic.edu.au
03425F,Dynamic Education Group Pty Ltd,Private,www.kcbt.edu.au
03426E,Australian College of Business Intelligence Pty Ltd,Private,http://www.acbi.edu.au
03427D,Sydney Metro College Pty Ltd,Private,www.sydneymetrocollege.edu.au
03429B,Ozford Institute of Higher Education Pty Ltd,Private,
03430J,Brighton Pacific Pty Ltd,Private,http://aibt.qld.edu.au/
03431G,New England School of English Pty. Ltd.,Private,http://www.nec.edu.au
03432G,Entrepreneur Education Pty Ltd,Private,www.entrepreneur.edu.au
03433F,Platinum Properties Melbourne Pty Limited,Private,www.platinum.edu.au
03435D,Gateway College of Technology Pty Ltd,Private,www.paragon.edu.au
03437B,Perth Technical College Pty Ltd,Private,
03438A,The Wales Institute Pty Ltd,Private,
03439M,Mercury Institute of Victoria Pty Ltd,Private,www.mercury.edu.au
03441F,Russo Business School Pty Ltd,Private,www.russo.qld.edu.au
03442E,Australian Hospitality Skills Recognition Pty Ltd,Private,www.asmitraining.edu.au
03443D,Global Business College Of Australia Pty Ltd,Private,
03444C,Choice Business College Pty Ltd,Private,www.cbc.edu.au
03445B,International Institute (Aust) Pty Ltd,Private,www.intia.com.au
03446A,ORANGE INTERNATIONAL COLLEGE PTY LTD,Private,http://orange.edu.au/
03447M,Bankstown Community College Inc.,Private,www.bcci.edu.au
03449J,Australian Harvard International College Pty Ltd,Private,http://www.ahic.edu.au
03450E,Global Education Consultant Pty Ltd,Private,www.daltoncollege.com.au
03452C,Axial Training Pty Ltd,Private,www.axial.com.au
03453B,Masters In Training Pty Ltd,Private,www.flinderscollege.edu.au
03456K,Australian International College Pty Ltd,Private,www.aic.nsw.edu.au
03457J,Times Academy Pty Ltd,Private,
03459G,Lexis Asia Pty Ltd,Private,
03461B,Australia Christian College Pty Ltd,Private,accu.edu.au
03462A,Amber International Aviation Academy Pty Ltd,Private,www.amberaviationacademy.com.au
03464K,Compass Rose International College Pty Ltd,Private,http://www.goldcoastdivecentre.com.au
03465J,The Canberra Training School Pty. Ltd.,Private,http://cbtc.edu.au/
03466G,Queensland College of Music Pty Ltd,Private,www.qcm.qld.edu.au
03467G,Insight Academy Pty Ltd,Private,
03468F,Macallan College Pty Ltd,Private,
03469E,Australian Institute of Advanced Studies Pty Ltd,Private,www.aias.edu.au
03472K,Education Hub Pty Ltd,Private,
03473J,Aventia Institute Pty Ltd,Private,www.aventia.edu.au
03474G,HCR Constructions Pty Ltd,Private,
03475G,Site Institute Pty Ltd,Private,www.si.edu.au
03477E,Vanshraj Enterprises Pty Ltd,Private,
03478D,Astar Training Institute Pty Ltd,Private,www.astartraining.edu.au
03479C,Australian Institute of English Pty Ltd,Private,
03480K,Australasian International Academy Pty Ltd,Private,
03481J,Sydney Training Institute Incorporated,Private,http://www.inspirecollege.com.au
03482G,Thinkgate Learning Pty Ltd,Private,https://www.atlantis.edu.au
03483G,RTO Connect Pty Ltd,Private,www.asli.vic.edu.au
03486D,AUSTRALIAN ACADEMY OF TRADES PTY LTD,Private,
03487C,Vocational Training Institute Pty Ltd,Private,http://www.vocationalinstitute.com.au
03489A,M.S Aviation Pty Ltd,Private,https://www.asoc.edu.au/
03490G,Llewellyn Projects Pty Ltd,Private,
03493E,Australian Skills Group Pty Ltd,Private,www.asg.edu.au
03496B,Milestone English Academy Pty Ltd,Private,www.milestones.vic.edu.au
03497A,Scots English College Pty Ltd,Private,www.scotsenglish.edu.au
03499K,Training Australia First Pty Ltd,Private,www.taf.edu.au
03500M,Adore Education Pty Ltd,Private,http://www.vibecollege.edu.au
03502J,NEW YORK COLLEGE PTY. LTD.,Private,www.vocareersinstitute.edu.au
03503G,Leaders Institute of Training and Education Pty Ltd,Private,www.leaderstraining.com.au
03504G,Sydney International Institute Pty Ltd,Private,http://sibc.nsw.edu.au
03505F,GRIFFIN COLLEGE OF MANAGEMENT & TECHNOLOGY PTY. LTD.,Private,www.griffin.edu.au
03506E,Barton International College Pty Ltd,Private,https://barton.nsw.edu.au/
03507D,Australian Global College Pty Ltd,Private,www.agc.edu.au
03509B,NEW ERA INSTITUTE PTY LTD,Private,www.newerainstitute.edu.au
03510J,Training Masters Pty Ltd,Private,http://www.tm.nsw.edu.au/
03511G,Ultimate Education Group Pty Ltd,Private,http://ultimate.edu.au
03512G,The Centre of Excellence Pty Ltd,Private,www.coe.vic.edu.au
03513F,Real Group Pty Ltd,Private,www.collegeaustralia.edu.au
03515D,KKTC EDUCATION PTY LTD,Private,https://www.koolkidstrainingcollege.com.au
03517B,BRISBANE PROFESSIONAL COLLEGE PTY LTD,Private,www.bpc.edu.au
03519M,Linx Institute College Pty Ltd,Private,www.linx.edu.au
03520G,Frontier Leadership Pty Ltd,Private,frontiereducation.edu.au
03521F,Transformations - Pathways to Competence and Developing Excellence Pty Ltd,Private,http://skillstraining.edu.au
03522E,Perth Translation and Interpreting Training Pty Ltd,Private,
03523D,Student Development and Learning (SDL) Academy Pty Ltd,Private,http://www.scsb.nsw.edu.au
03526A,International Institute Brisbane Pty Ltd,Private,http://iib.edu.au
03529J,Mechanical Institute of Training and Technology Pty Ltd,Private,www.mitt.vic.edu.au
03530E,The Cairnmillar Institute,Private,http://www.cairnmillar.edu.au/
03534A,Momentum Consulting (Qld) Pty Ltd,Private,momentum.edu.au
03535M,Polytechnic Institute Australia Pty Ltd,Private,http://www.pia.edu.au/
03537J,Australian Capital Group Pty Ltd,Private,www.capital.edu.au
03538G,Australian International Training College Pty Ltd,Private,www.globalinstitute.edu.au
03540C,Clinton Education Pty Ltd,Private,
03541B,ECHO Education Technology Pty Ltd,Private,www.meenglish.com.au
03542A,QIHE PTY LTD,Private,http://www.mastery.edu.au
03543M,H.C.H INVESTMENTS PTY. LTD.,Private,
03544K,Australian Vocational Training Institute Pty Ltd,Private,
03545J,Academy of Entrepreneurs Pty Ltd,Private,
03546G,Elite Education Group PTY. LTD.,Private,https://vocational.ee.edu.au/
03547G,The Anglican Schools Commission Incorporated,Private,www.ascinternational.wa.edu.au
03548F,Excellent Accounts Pty Ltd,Private,http://www.skillsaustralia.edu.au/
03549E,York Business Institute Pty. Ltd.,Private,www.york.edu.au
03551M,Golden Wattle Group Pty Ltd,Private,
03552K,BARRINGTON TRAINING SERVICES QUEENSLAND PTY LTD,Private,www.barringtoncollege.edu.au
03553J,ANIT Australia Pty Ltd,Private,http://www.albrightinstitute.edu.au/
03554G,Sydney Art School Pty Ltd,Private,http://sydneyartschool.com.au
03555G,Swann International Pty Ltd,Private,
03556F,Crown Education Pty Ltd,Private,www.trinityinstitute.edu.au
03558D,Anglican Schools Corporation,Private,www.rosevillecollege.com
03559C,Angel Education Group Pty Ltd ATF Angel Education Group Unit Trust,Private,
03560K,Windsor College Pty Ltd,Private,https://www.windsorcollege.edu.au/
03562G,CACHET TRAINING PTY LIMITED,Private,www.via.edu.au
03564F,GLOBAL COLLEGE AUSTRALASIA PTY. LTD.,Private,https://www.globalcollege.edu.au
03565E,INSTITUTE OF GLOBAL EDUCATION AND TRAINING PTY. LTD.,Private,
03566D,Lennox Institute Pty Ltd,Private,www.lennoxcollege.edu.au
03567C,Engineering Institute of Technology Pty Ltd,Private,www.eit.edu.au
03568B,GOLD COAST INTERNATIONAL COLLEGE PTY. LTD.,Private,
03569A,Australis College Pty Ltd,Private,
03571G,IBMA Education Pty Ltd,Private,www.ibma.edu.au
03572F,Gen Institute Pty Ltd,Private,www.gen.edu.au
03574D,Beauty Therapy Training Australia Pty Ltd,Private,www.techedgecollege.com.au
03575C,Care Plus Training Pty Ltd,Private,www.nursetrainingaustralia.com.au
03576B,Learning Lab Pty Ltd,Private,
03578M,Lyons Education Group Pty Ltd,Private,www.lyons.edu.au
03579K,Unity School Pty Ltd,Private,www.ued.edu.au
03580F,Gamma Education & Training Pty Ltd,Private,https://gamma.edu.au/
03581E,Proteus Technologies Pty Ltd,Private,www.ikon.edu.au
03586M,Mindroom Innovation PTY LTD,Private,www.mindroom.edu.au
03587K,Enhance College Pty Ltd,Private,http://enhance.edu.au
03588J,SKILLSET TRAINING PTY. LTD.,Private,
03589G,Mayfair College Pty Ltd,Private,www.mayfaircollege.com.au
03590D,AUSTRALIA ACADEMY INTERNATIONAL PTY LTD,Private,www.niet.edu.au
03591C,SUPERIOR TRAINING CENTRE PTY LTD,Private,www.stc.nsw.edu.au
03592B,Melbourne City College Pty Ltd,Private,www.melbournecitycollege.edu.au
03593A,Airlines of Tasmania Pty Ltd,Private,wvvw.paft.com.au
03594M,IIPM Pty Ltd,Private,www.iipm.edu.au
03595K,AUSTRALIAN HEALTH AND MANAGEMENT INSTITUTE PTY LTD,Private,www.ahmi.edu.au
03596J,ST ALBANS INSTITUTE PTY LTD,Private,www.hawkinstitute.edu.au
03597G,LANEWAY EDUCATION PTY LTD,Private,www.laneway.edu.au
03598G,NEWTON COLLEGE PTY. LTD.,Private,www.newton.edu.au
03600G,Study Play Care Pty Ltd,Private,
03601F,Wall Street College Pty Ltd,Private,
03602E,Australian Training School Pty Ltd,Private,www.sabt.edu.au
03603D,Collins Institute of Australia Pty Ltd,Private,
03604C,Bryan Peach Institute Pty Ltd,Private,http://www.peachinstitute.com
03605B,Australian Frontline Training College Pty Ltd,Private,www.ceetacollege.qld.edu.au
03606A,Angel Investments Group Pty Ltd,Private,
03609J,TRAINING ORGANISATION NSW PTY LTD,Private,
03610E,Australia Institute of Business & Technology - International Pty Ltd,Private,
03611D,Zoi Education Pty Ltd,Private,www.zoi.vic.edu.au
03613B,Southern English College Pty Ltd,Private,www.sec.sabt.edu.au
03614A,RANSFORD COLLEGE PTY LTD,Private,
03617J,Level Up Education & Training Academy Pty Ltd,Private,
03618G,Pan Bird Pty Ltd,Private,
03620C,Sydney City College of Management Pty Ltd,Private,www.sccm.edu.au
03621B,AUSTRALIA LIBERTY COLLEGE PTY LTD,Private,
03622A,AISL PTY LTD,Private,http://www.rosehillcollege.edu.au
03623M,Strategix Training Group Pty Ltd,Private,http://www.strategix.com.au
03627G,MID CITY EDUCATION PTY LTD,Private,
03628F,Pacific English College Pty Ltd,Private,www.pacificenglish.com.au
03629E,Australian Careers Business College Pty Ltd,Private,
03630A,Australian English Colleges Pty. Ltd.,Private,
03631M,APLUS EDUCATION GROUP Pty. Ltd.,Private,
03632K,Five Diamonds Group Pty Ltd,Private,
03634G,JOAN LAWMAN SCHOOL OF BEAUTY PTY LTD,Private,
03635G,Brighton College Pty Ltd,Private,www.brighton.edu.au
03636F,Lead College Pty Ltd,Private,http://www.leadcollege.edu.au
03638D,INT Nurse Training Pty Ltd,Private,
03639C,MG Australia Group Pty Ltd,Private,
03640K,Manigram Pty Ltd,Private,
03642G,DOLPH LEARNING PTY LTD,Private,
03643G,Melbourne Institute of Nails & Beauty Pty Ltd,Private,
03644F,Key 2 Learning Pty Ltd,Private,
03645E,Collins Academy Pty Ltd,Private,www.collinsacademy.edu.au
03646D,Australian Design College Pty Ltd,Private,
03647C,EDUCATION AND INNOVATION GROUP AUSTRALIA PTY LTD,Private,
03648B,KNIT GROUP AUSTRALIA PTY LTD,Private,
03649A,Victorian Education and Training Group Pty Ltd,Private,www.icv.edu.au
03650G,Spencer Technical College Pty Ltd,Private,www.spencertechcollege.edu.au
03651G,Akram Kahla Pty Ltd,Private,
03652F,Choice Academic College Pty Ltd,Private,cacademic.edu.au
03653E,NARTEL ENTERPRISES PTY LTD,Private,
03655C,Advocate Training Pty Ltd,Private,
03656B,FLY OZ PTY LTD,Private,
03657A,F & Z EDUCATION PTY LTD,Private,
03658M,FSAC Ltd,Private,www.tsac.qld.edu.au
03659K,Austrasia College Pty Ltd,Private,
03661E,AUSTRALIAN SMART COLLEGE PTY LTD,Private,
03662D,"Australian Film, Television and Radio School",Private,
03663C,Western Sydney University International College Pty Ltd,Private,
03664B,Tham Training Pty Ltd,Private,
03665A,Australian Professional Education Group Pty Ltd,Private,
03666M,Skilled Up Pty Ltd,Private,www.skilledup.edu.au
03667K,Rightway Training and Development Pty Ltd,Private,www.leculinaire.edu.au
03668J,Original Campus Pty Ltd,Private,
03669G,Educare Training Institute of Australasia Pty Ltd,Private,http://www.educare.edu.au
03670D,Harbourside Institute of Australia Pty Ltd,Private,www.harbourside.nsw.edu.au
03671C,Medical Training and Development Pty Ltd,Private,https://medicus.edu.au/
03672B,Australian Techno Management College Pty Ltd,Private,
03673A,MELBOURNE EDUCATION INSTITUTE PTY. LTD.,Private,
03674M,Centennial College Pty Ltd,Private,
03675K,Alana Kaye Group Pty Ltd,Private,
03676J,Australian College of Technical Training Pty Ltd,Private,
03677G,Sea English Academy International Pty Ltd,Private,
03678G,Higher Learning Australia Pty Ltd A/T for The Trustee for Higher Learning Unit Trust,Private,https://mcgill.edu.au/
03679F,Sydney English House Pty Ltd,Private,
03680B,Ashley English Language Institute Pty Ltd,Private,
03681A,UK English College Pty Ltd,Private,
03682M,Skills International Pty Ltd,Private,
03683K,International College of Tasmania Pty Ltd,Private,https://tascollege.edu.au/
03684J,Melbourne City Institute Pty Ltd,Private,
03685G,Australian Institute of Engineering Pty Ltd,Private,
03687F,Australian College of Community and Health Services Pty Ltd,Private,www.acchs.edu.au
03689D,Downtown Australia Pty Ltd,Private,
03690M,International College of Australia Pty Ltd,Private,
03691K,Australian Tertiary Institute Pty Ltd,Private,
03693G,Villanova College,Private,
03694G,Australian International Training Academy Pty Ltd,Private,
03695F,Sanbourne Academy Pty Ltd,Private,
03697D,Austec Institute Pty Ltd,Private,
03698C,Kalamatta Pty. Ltd,Private,
03700C,Mint Training Pty Ltd,Private,www.minttraining.edu.au
03703M,Apeiro Institute Pty Ltd,Private,
03705J,The Institute of International Studies (TIIS) Pty Ltd,Private,www.tiis.edu.au
03706G,Insight Academy of Australia Pty Ltd,Private,
03708F,Wakefield International Business School Pty Ltd,Private,www.alphainstitute.edu.au
03709E,Wiseman & Co. Advanced Learning Institute Pty Ltd,Private,
03711M,Intellect English Pty Ltd,Private,www.intellectenglish.com.au
03712K,Accredited Education & Training Australia Pty Ltd,Private,
03713J,Outsource Institute of Technology Pty Ltd,Private,
03714G,AUSTRALIAN INSTITUTE OF BUSINESS AND TECHNOLOGY PTY. LTD.,Private,www.sis.edu.au
03715G,Australian Islamic College of Sydney,Private,
03716F,Lutheran Church of Australia Queensland District,Private,
03717E,Richmond School of Business Pty Ltd,Private,www.rsb.edu.au
03718D,SMEAG AUSTRALIA PTY LTD,Private,www.se.vic.edu.au
03719C,St Stephen's School,Private,www.ststephens.wa.edu.au
03720K,Jazz Music Institute Pty Ltd,Private,www.jazz.qld.edu.au
03721J,Ti Education and Training Pty Ltd,Private,
03722G,Smart Connection Company Pty Ltd,Private,
03723G,Ruby Institute Pty LTD,Private,www.ruby.vic.edu.au
03724F,Mondairs PTY LTD,Private,
03725E,AOI GROUP PTY LTD,Private,
03726D,Presbyterian Church of Queensland,Private,www.fairholme.qld.edu.au
03727C,The Lions Institute Pty Ltd,Private,
03729A,Mandarin Institute of Victoria Pty Ltd,Private,
03730G,Berkeley Education Pty Ltd,Private,
03732F,Leaders Institute Pty Ltd,Private,http://www.leaders.edu.au
03733E,YourLife Health and Learning Inc,Private,www.schoolofhealth.edu.au
03734D,Australian Academy of Business and Technology Pty Ltd,Private,
03736B,Sydney Centre for Finance Studies Pty Ltd,Private,
03737A,Melbourne Centre for Technology Studies Pty Ltd,Private,www.nsmt.vic.edu.au
03739K,Southern Cross Education Institute (Higher Education) Pty Ltd,Private,http://www.scei-he.edu.au
03740F,Simple Training Academy Pty Ltd,Private,www.simpletrainingacademy.com.au
03741E,Tred Consultants Pty Ltd,Private,www.tredcollege.edu.au
03742D,AUSTRALIAN INSTITUTE OF BUSINESS AND TRADE PTY. LTD.,Private,
03743C,NATIONAL AUSTRALIAN INSTITUTE OF TECHNOLOGY PTY LTD,Private,
03744B,Crown Institute of Higher Education Pty Ltd,Private,
03745A,Edmund Rice Education Australia Colleges Ltd,Private,https://www.stbrendans.qld.edu.au/
03747K,Australian National Academy of Education Pty Ltd,Private,
03750D,Universal English Pty Ltd,Private,http://www.universalenglish.edu.au
03751C,Australian International Education Centre Pty Ltd,Private,
03752B,Stanford College Australia Pty Ltd,Private,http://stanford.edu.au
03753A,Aspen Education Group Pty Ltd,Private,
03754M,Australian International Institute of Technology Pty Ltd ATF AIIT Unit Trust,Private,www.aiit.vic.edu.au
03755K,Q Academy Pty Ltd,Private,
03756J,Australian Capital Training Institute Pty Ltd,Private,
03757G,Leeds College Pty Ltd,Private,www.leeds.edu.au
03759F,Design Schools Australia Pty Ltd,Private,
03760B,House of Learning Pty Ltd,Private,
03761A,Australian College of Nursing Ltd,Private,www.acn.edu.au/
03762M,Veritas Education Pty Ltd,Private,
03763K,Adelaide Institute of Higher Education Pty Ltd,Private,www.aihe.sa.edu.au
03764J,Lambda Education Pty Ltd,Private,
03765G,NSW Institute of Education and Training Pty Ltd,Private,
03767F,Orange Education Group Pty Ltd,Private,www.evecollege.nsw.edu.au
03768E,Australian College of Digital Technologies Pty Ltd,Private,
03769D,Australian Institute of Management Education and Training Pty Limited,Private,www.aim.com.au
03770M,TKL College Pty Ltd,Private,www.tkl.edu.au
03771K,Moreton Bay College,Private,www.mbc.qld.edu.au
03772J,Moreton Bay Boys' College Limited,Private,www.mbbc.qld.edu.au
03773G,Vocation Education Training Australia Pty Ltd,Private,
03774G,Davies Institute Pty Ltd,Private,www.bellacollege.edu.au
03775F,Australian Institute of Electro Technology Pty Ltd,Private,ausinet.edu.au
03776E,Eastlink Consulting Pty Ltd,Private,
03777D,CAN UNITED Pty Ltd,Private,www.asmicollege.com.au
03778C,Victorian Institute of Education Pty ltd,Private,www.vie.edu.au
03779B,United Colleges of Australia Pty Ltd as the trustee for UCA Unit Trust,Private,
03781G,Australian College of International Studies Pty Ltd,Private,
03782G,A.M.A. Services (W.A.) Pty Ltd,Private,
03783F,Active Transition Training Pty Ltd,Private,
03784E,Australian Global Institute Pty Ltd,Private,
03785D,Learning Victoria Pty Ltd,Private,www.ibm.vic.edu.au
03787B,TVSA Pilot Training Pty Ltd,Private,
03788A,Orana Fashion Business College Pty Ltd,Private,
03789M,Aircrew Training and Support Pty Ltd,Private,http://www.flylinkaviation.qld.edu.au
03790G,Blue Lotus Academy Pty Ltd,Private,
03791F,Health Institute Australasia Pty Ltd,Private,http://www.healthinstitute.edu.au
03792E,Sydney Metropolitan International College Pty Ltd,Private,
03793D,The Institute of Culinary Excellence Pty Ltd,Private,
03794C,NVR Education Pty Ltd,Private,
03795B,MYOZ College Pty Ltd,Private,
03796A,Hilton Academy Pty Ltd,Private,http://www.hilton.edu.au
03797M,Stirling Institute of Australia Pty Ltd,Private,
03798K,AUIT Group Pty Ltd as trustee for The Holistic Trust,Private,
03799J,Charleston English Pty Ltd,Private,http://www.charleston.qld.edu.au
03800K,Australian College of Management and Innovation Pty Ltd,Private,
03801J,The Anglican Schools Commission Incorporated,Private,
03802G,Major Blue Air Pty Ltd,Private,
03803G,Lindisfarne Anglican School,Private,
03804F,Fit Education Pty Ltd,Private,
03805E,International Education Group of Australia Pty Ltd,Private,
03806D,IQRA Vocational Education and Training Pty Ltd,Private,https://aiminstitute.edu.au/
03807C,Innovative Institute of Australia Pty Ltd,Private,www.innovative.edu.au
03808B,Stellar College Pty Ltd,Private,www.stellarcollege.edu.au
03809A,Australian Campus Management Pty Ltd,Private,www.ciom.edu.au
03810G,CAREER READY PTY LTD,Private,www.ric.edu.au
03811G,Australian Future Wellbeing Education Pty Ltd,Private,
03814D,HOWAYEK BLESSINGS LTD,Private,
03815C,Techie International College Pty Ltd,Private,
03816B,Rahban Services Pty Ltd,Private,
03817A,Edinburgh International College Pty Ltd,Private,
03818M,Education Investors Pty Ltd,Private,
03819K,Origin Education Group Pty Ltd,Private,
03820F,Future Path International Pty Ltd,Private,
03822D,Charlton Brown Pty Ltd,Private,http://charltonbrown.com.au
03823C,Australian College for Excellence Pty Ltd,Private,
03824B,Infinite Learning Institute Pty Ltd,Private,
03826M,Australian Business Management Pty Ltd,Private,
03827K,Career Development and Training Pty Ltd,Private,https://www.kic.edu.au
03828J,The Business School Pty Ltd,Private,www.tbs.edu.au
03829G,East Coast College Pty Ltd,Private,
03830D,Batool International Pty Ltd,Private,www.fluencyhub.com.au
03831C,ILEARN OZ PTY LTD,Private,
03832B,Aus Crest Pty Ltd,Private,
03833A,FRANKLIN INTERNATIONAL COLLEGE PTY LTD,Private,
03834M,Australian College of Professional Careers Pty Ltd,Private,
03835K,Radix Education Pty Ltd,Private,
03836J,Australia Advance Education Group Pty Ltd,Private,https://sistc.edu.au/
03837G,Platform 1 Group Pty Ltd,Private,
03838G,FIRST CHOICE EDUCATION PTY. LTD.,Private,
03839F,Emma Wicks as The Trustee for Paradise Falls Trust,Private,
03840B,Trump College Pty Ltd as Trustee for Trump College Unit Trust,Private,www.campbellinstitute.edu.au
03841A,INTERNATIONAL FITNESS INSTITUTE PTY LTD,Private,
03842M,Future Education Group Pty. Ltd.,Private,
03843K,Future Language School Pty Ltd,Private,
03844J,Australian Institute of Business Intelligence Pty Ltd,Private,www.aibi.edu.au
03845H,Higher Education Leadership Institute,Private,
03846G,Sydney Metropolitan Group Pty Ltd,Private,
03847F,Australian School of Accounting Pty Ltd,Private,www.asahe.edu.au
03848E,Universal Higher Education Pty Ltd,Private,www.uhe.edu.au
03849D,Inspired Australia Holdings PTY LTD,Private,www.reddamhouse.com.au
03850M,Global Institute of Training and Education Pty Ltd,Private,www.gite.edu.au
03851K,Altocap Pty Ltd,Private,
03852J,Morrison College Pty Ltd,Private,www.alpha.edu.au
03853H,Eastern College Australia Limited,Private,www.eastern.edu.au
03854G,LEARNVAULT PTY LTD,Private,www.afcollege.edu.au
03856E,Lamart Education Pty Ltd,Private,https://www.glenhillcollege.edu.au/
03857D,Clayton Education Group Pty LTD,Private,
03858C,THE EARLY CHILDHOOD LEARNING COMPANY PTY. LTD.,Private,
03859B,Australian National Education Pty Ltd,Private,
03860J,Hills International College Ltd,Private,
03861H,"EBEJER, THOMAS JOSEPH",Private,http://www.orientalmedicine.com.au
03862G,AFG SECURITY AND PROTECTIVE SERVICES PTY LTD,Private,
03863F,Reeves College Pty Ltd,Private,
03866C,Sydney Institute of Higher Education Pty Ltd,Private,sydneyinstitute.edu.au
03868A,Mount Alvernia College Limited,Private,
03869M,EMBRACIA EDUCATION & DEVELOPMENT PTY LTD,Private,
03870G,Australian Scholar's College Pty Ltd,Private,
03871F,Phoenix College of Australia Pty Ltd,Private,info@newgen.edu.au
03872E,Pivotal Training & Development Pty Ltd,Private,https://www.pivotal.edu.au
03873D,Oxford Creative Academy Pty Ltd,Private,
03874C,West Melbourne Institute of Technology Pty Ltd,Private,www.wmit.edu.au
03875B,Global Institute Australia Pty Ltd,Private,
03877M,TRIDENT EDUCATION AUSTRALIA PTY LTD,Private,
03878K,Opulence College Pty Ltd,Private,
03879J,Edvantage Institute Australia Pty Ltd,Private,
03880E,Bhairav Baba Pty Ltd,Private,www.ccmtcollege.edu.au
03881D,ABOARD TRAINING AUSTRALIA PTY LTD,Private,
03882C,ROCKFORD INTERNATIONAL COLLEGE PTY LTD,Private,www.rockford.edu.au
03883B,Langports (Gold Coast) Pty Ltd,Private,
03884A,Skills Training College Pty Ltd,Private,
03886K,AUSTRALIAN NATIONAL EDUCATION HOLDING Pty Ltd,Private,
03887J,Career Solutions Group Pty Ltd The Trustee for Career Solutions Trust,Private,
03888H,Australian City International College Pty Ltd,Private,
03889G,Guided Pathways Pty Ltd,Private,
03890C,Melbourne Training College Pty Ltd,Private,
03891B,Tower Australian College Pty Ltd,Private,https://tower.edu.au
03892A,McEvoy & Doust Pty Ltd,Private,
03893M,City Language Institute Pty Ltd,Private,www.cityenglish.edu.au
03894K,Texila College Australia Pty Ltd,Private,www.texila.edu.au
03895J,Clinton English Pty Ltd,Private,
03896H,Horizon Training Institute Pty Ltd,Private,
03897G,Performing Arts Education Pty Ltd,Private,www.apac.edu.au
03899E,St. Marys Institute Pty Ltd,Private,
03900F,OPERA EDUCATION GROUP PTY LTD,Private,www.operacollege.com.au
03901E,Integrated Training Pty Ltd,Private,
03903C,Australian International Aviation College PTY LTD,Private,
03904B,Reach Community College Pty Ltd,Private,
03905A,Prime Education Group Pty Ltd,Private,
03906M,Sydney Metropolitan Institute of Technology Pty Ltd,Private,www.sydneymet.edu.au
03907K,AUSTRALIAN SOVEREIGN COLLEGE PTY LTD,Private,ausc.edu.au
03908J,Eton College Pty Ltd,Private,
03909H,CJAE Pty Ltd,Private,
03910D,Corporate Business Academy Pty Ltd,Private,
03912B,Trade Institute of Victoria Pty Ltd,Private,
03913A,Learn to Fly Australia Pty Ltd,Private,
03914M,Bentley College Pty Ltd,Private,
03916J,Kingsway College Pty Ltd,Private,www.kingswaycollege.vic.edu.au
03917H,Shafston International Pty Ltd,Private,
03918G,Holborne Institute Pty Ltd,Private,https://holborne.edu.au/
03920B,Fox Endeavours Pty Ltd,Private,http://www.fox.edu.au
03921A,BFJ International Studies Pty Ltd,Private,
03922M,Victorian Institute of Applied Learning Pty Ltd,Private,http://humbercollege.edu.au
03923K,English Direct Australia Pty Ltd,Private,
03924J,AWS Institute Pty Ltd,Private,
03925H,Australasian College of Advanced Education Pty Ltd,Private,
03926G,FIT College Pty Ltd,Private,
03927F,Highgate International College Pty Ltd,Private,
03928E,Goldthorn International Pty Ltd,Private,
03929D,Top End Group Training Pty Ltd,Private,
03931K,Loreto Normanhurst Limited,Private,www.loretonh.nsw.edu.au
03932J,ECA Higher Education Institute Pty Ltd,Private,
03933H,Contempo Education Pty Ltd,Private,
03934G,Australian Institute of Professionals (AIP) Pty Ltd,Private,
03935F,Helix College Pty Ltd,Private,
03936E,J Chazzer & B Singh & H Singh,Private,
03937D,Luminous Education Pty Ltd,Private,
03938C,Signature Training Pty Ltd,Private,http://www.signaturetraining.edu.au
03939B,Massey College Pty Ltd,Private,
03940J,Academia of Trade Pty Ltd,Private,
03941H,PAKENHAM INSTITUTE PTY LTD,Private,http://www.wri.edu.au
03942G,Triple Five Group Pty. Ltd.,Private,
03943F,Australian Chiropractic College Limited,Private,www.acc.sa.edu.au
03944E,INTERNATIONAL INSTITUTE OF SYDNEY PTY LTD,Private,
03945D,The Bright College Pty Ltd,Private,
03946C,Penfold College Pty Ltd,Private,
03947B,SET QLD Pty Ltd as trustee for SET QLD UNIT TRUST,Private,
03948A,JMD Business Institute Pty Ltd,Private,http://www.sit.vic.edu.au
03949M,Riverdale Institute Pty Ltd,Private,
03950G,Australian Business Skills College Pty Ltd,Private,
03951F,Sunbeam International College Pty Ltd,Private,sunbeam.edu.au
03952E,EQUINIM COLLEGE PTY LTD,Private,
03953D,Nithi College Pty Ltd,Private,www.illoura.edu.au
03954C,Australian Health and Horticulture Institute Pty Ltd,Private,
03955B,Wisdom International College Pty Ltd,Private,
03956A,Pioneer College Pty Ltd,Private,
03957M,Starford College Pty Ltd,Private,
03958K,Aim Institute Pty Ltd,Private,
03959J,GIPPSLAND TRADE INSTITUTE PTY LTD,Private,
03960E,AA Training Pty Ltd,Private,https://hta.edu.au/
03961D,J&L Consultancy Pty Ltd,Private,bibe.tas.edu.au
03962C,Prospect Education Group Pty Ltd,Private,
03963B,Workforce Education Institute Pty. Ltd.,Private,
03964A,Culinary Institute Australia Pty Ltd,Private,
03965M,Malwa College of Australia Pty Ltd,Private,
03966K,NOVUS EDUCATION PTY LTD,Private,
03967J,Apex Institute of Higher Education Pty Ltd,Private,
03969G,Polytechnic Victoria Pty Ltd,Private,
03970C,ADELAIDE EDUCATION AND TRAINING PTY LTD,Private,
03971B,Australian Guess International College Pty Ltd,Private,
03972A,Australian Prime Education and Training Pty Ltd,Private,
03973M,Hospitality Institute of NSW Pty Ltd,Private,
03974K,Epoch International Group Pty Ltd,Private,
03975J,Alpha Beta College Australia PTY LTD,Private,
03976H,Easy Buy Products Pty Ltd,Private,
03977G,Chase Aus Pty Ltd,Private,
03978F,Bush Tukka Pty Ltd,Private,
03979E,Datum College Pty Ltd,Private,
03980A,FEDERATION ACADEMY AUSTRALIA PTY LTD,Private,
03981M,ALIT EDUCATION GROUP PTY. LTD.,Private,
03982K,WINSLOW PROFESSIONAL EDUCATION PTY LTD,Private,
03983J,AUSTRALIAN INSTITUTE OF DIGITAL TECHNOLOGY PTY LTD,Private,https://aidt.edu.au/
03984H,Palmir Educreation Pty Ltd,Private,
03985G,Australian International College of Skills & Education Pty Ltd,Private,
03986F,AIE Institute Limited,Private,
03987E,AUSTRALIAN VOCATIONAL TRAINING PTY LTD,Private,
03988D,Seir Pty Ltd,Private,
03989C,Valley International Pty Ltd,Private,
03990K,Workplace Health & Safety Services Pty Ltd,Private,
03991J,Atlantic College Pty Ltd,Private,
03992H,Le Pont International College Pty Ltd,Private,
03994F,Sydney Institute of Top Education Pty Ltd,Private,
03995E,Raymond International College Pty Ltd,Private,
03996D,Australian Institute of Technology and Commerce Pty Ltd,Private,
03997C,ANZ College Pty Ltd,Private,
03999A,Woodstock International Pty Ltd,Private,
04000A,Pentagon College Pty Ltd,Private,
04001M,Brooklyn International College Pty Ltd,Private,
04002K,LEGEND INSTITUTE PTY LTD,Private,
04003J,Unison Education and Training Pty Ltd,Private,
04004H,Innovative College Pty Ltd,Private,
04006F,Award Academy Australia Pty Ltd,Private,
04007E,Australian Institute of Education and Technology Pty Ltd,Private,actit.edu.au
04008D,Australian College of Vocational Education and Training Pty Ltd,Private,https://www.acvet.edu.au/
04009C,National Academy of Professional Studies Pty Ltd,Private,www.naps.edu.au
04010K,ELS FUTURES PTY LTD,Private,
04011J,United Institute Pty Ltd,Private,
04012H,Edunex Pty Ltd,Private,
04013G,Queensland Institute of Higher Education Pty Ltd,Private,www.aiihe.edu.au
04014F,Enjoy English Pty Ltd,Private,https://future.edu.au/
04015E,Ivory Education Group Pty Ltd,Private,
04016D,SAPIENCE COLLEGE PTY LTD,Private,www.sapiencecollege.edu.au
04017C,Future College Pty Ltd,Private,
04018B,Melbourne Institute of Higher Education Pty Ltd,Private,www.mihe.vic.edu.au
04019A,ACCORD COLLEGE PTY LTD,Private,
04020H,AUSTRALIAN EDUCATION EXCELLENCE CENTRE PTY LTD,Private,
04021G,Alice Springs College of Australia Pty Ltd,Private,
04023E,Australian Virtus Institute Pty Ltd,Private,www.avi.edu.au
04024D,Harvard International College Pty Ltd,Private,
04025C,Brightpart Learning Centre Pty Ltd,Private,www.nvc.edu.au
04026B,BDMS Education Pty Ltd,Private,
04027A,Australian Educare College Pty Ltd,Private,
04028M,International Institute of Training Pty Ltd,Private,https://www.iitraining.vic.edu.au/
04029K,Greenhill Institute Pty Ltd,Private,www.greenhillinstitute.vic.edu.au
04030F,AUIPT GROUP PTY LTD,Private,
04031E,Graceland Institute Pty Ltd,Private,
04032D,Boston International Pty Ltd,Private,
04033C,Educate Australia Pty Ltd,Private,www.latitude.edu.au
04034B,Australian Vocational Training Academy Pty Ltd,Private,
04035A,Waratah Polytechnic Pty Ltd,Private,
04036M,Kingsford Education Group Pty Ltd,Private,
04037K,Wissen Holdings Pty Ltd,Private,
04038J,Australian College of Culinary and Management Pty Ltd,Private,http://www.accm.vic.edu.au/
04039H,UQ College,Private,www.uqcollege.uq.edu.au
04043A,Avir Institute of Skills Pty Ltd,Private,
04044M,Vigil International College Pty Ltd,Private,
04045K,Vocational Trainers Pty Ltd,Private,https://auswidecollege.edu.au
04046J,Pace Business College Pty Ltd,Private,www.allied.edu.au
04047H,Genesis Education Group Pty Ltd,Private,
04048G,Australian Institute of Business and Technical Education Pty Ltd,Private,
04049F,Perth Institute of Australia Pty Ltd,Private,
04050B,ABBI Educational Services Pty Ltd,Private,
04051A,The Ballarat Academy Pty Ltd,Private,www.capstone.edu.au
04052M,Institute of Management and Trade,Private,
04053K,AUSTRALIA INTERNATIONAL COLLEGE OF BUSINESS & TECHNOLOGY PTY LTD,Private,
04054J,THE ANIMAL ACADEMY,Private,
04055H,Auscare Staffing Agency Pty Ltd,Private,
04056G,MARS INSTITUTE PTY LTD,Private,
04057F,SECURITY COLLEGE OF AUSTRALIA Pty Ltd,Private,
04058E,Alma Mater College Australia Pty Ltd,Private,
04059D,Analytics Institute of Australia Pty Ltd,Private,www.analyticsinstitute.edu.au
04060M,Enlighten Talent Pty Ltd,Private,
04061K,Britts College Pty Ltd,Private,
04062J,Auscanus Institute of Australia Pty Ltd,Private,www.auscanus.edu.au
04063H,Ming-De International School Toowoomba Inc,Private,www.ming-de.qld.edu.au
04064G,UTA Institute of Technology Pty. Ltd.,Private,
04066E,Marasi Education Pty Ltd (VSC),Private,www.thevsc.com.au
04067D,WHITEHOUSE INTERNATIONAL COLLEGE PTY LTD,Private,
04068C,Boston Institute Pty Ltd,Private,
04069B,College of Nursing Education & Training Australia Pty Ltd,Private,
04070J,Southern Institute of Early Learning and Leadership Pty Ltd,Private,
04071H,D P TRAINING PTY LTD,Private,
04073F,Daffodil International College Pty Ltd,Private,
04074E,Australian Professional Training Academy Pty Ltd,Private,
04075D,Achievers Global Pty Ltd,Private,
04076C,Avalon College Pty Ltd,Private,
04077B,EXCEED VENTURES PTY LTD,Private,www.melbournetradescollege.vic.edu.au
04078A,Southern Cross Institute (SCI),Private,https://sci.edu.au/
04079M,Thames International College Pty Ltd,Private,
04080G,DS College Pty Ltd,Private,
04081F,OAK LEAF EDUCATION,Private,
04082E,Mpika Holdings Pty Ltd,Private,www.churchill.nsw.edu.au
04083D,Sunway International College Pty Ltd,Private,
04084C,Concordia College - St Peters Campus Blackwood,Private,
04085B,Kings Institute of Vocational Studies Pty Ltd,Private,
04086A,Oban College Pty Ltd,Private,www.oban.edu.au
04087M,ELITE COLLEGE OF ENGLISH,Private,
04089J,Global Healthcare Management College Pty Ltd,Private,
04090E,Sydney Polytechnic Institute,Private,https://spi.nsw.edu.au/
04091D,AUSTRALIAN SCHOOL OF BUSINESS & TRADE PTY LTD,Private,http://www.asbt.com.au
04093B,College of Skills & Knowledge Pty Ltd,Private,
04094A,NSW Higher Education Pty Ltd,Private,
04095M,Australian Institute of Professional Counsellors,Private,www.aipc.net.au
04096K,NATIONAL POLYTECHNIC OF AUSTRALIA PTY LTD,Private,
04097J,Lincoln Institute of Higher Education Ltd,Private,lincolnau.nsw.edu.au
04098H,Australian Engineering College Pty Ltd,Private,
04099G,Norton Institute Pty Ltd,Private,
04100H,A GRADE EDUCATION AND TRAINING PTY LIMITED,Private,
04101G,Dynamic Training Services Pty Ltd,Private,
04102F,Australian Data and Cyber Institute,Private,https://adci.edu.au/
04103E,Grenfell Education Enterprises Pty Ltd,Private,
04105C,Far North Training & Consultancy Pty Ltd,Private,
04106B,States College Australia Pty Ltd,Private,
04107A,Atlas Education Pty Ltd,Private,
04108M,IIVS Pty Ltd,Private,
04109K,Sharma Education Pty Ltd,Private,
04110F,Australian Business Training Institute Pty Ltd,Private,
04111E,Universal Training Institute Pty Ltd,Private,
04112D,Sunbright Pty Ltd,Private,
04113C,Silverline College Pty Ltd,Private,
04114B,Indopacific Global Pty Ltd,Private,
04115A,Yarra Education Australia,Private,
04116M,PBL Education Pty Ltd,Private,www.igi.edu.au
04117K,Ardor College Pty Ltd,Private,http://www.ardor.edu.au
04118J,Australian Training and Education College Pty Ltd,Private,
04119H,Australian Management College Pty Ltd,Private,http://www.amc.qld.edu.au
04120D,Kangaroo International College Pty Ltd,Private,
04121C,Core Training Pty Ltd,Private,
04122B,Danford Higher Education Pty Ltd,Private,www.danfordhe.vic.edu.au
04123A,Austin Institute of Trades Pty Ltd,Private,
04124M,360 Training Academy Pty Ltd,Private,
04125K,Hashm Pty Ltd,Private,
04127H,SYDNEY BUSINESS INSTITUTE PTY LIMITED,Private,
04128G,Rural Medical Education Australia Limited,Private,
04129F,Brookside International College Pty Ltd,Private,
04130B,Wyatt Education Group Pty Ltd,Private,
04131A,New Age Professionals Pty Ltd,Private,
04132M,Spores Education and Training Pty Ltd,Private,
04133K,Hillshire Investment Pty Ltd,Private,
04134J,Marriott Education Group Pty Ltd,Private,
04135H,Sydney College of Professional Education,Private,
04136G,VIITE Pty Ltd,Private,
04137F,Australian Higher Education Academy Pty Ltd,Private,
04139D,Construction Training Australia Pty Ltd,Private,
04140M,INTERCARE INTERNATIONAL COLLEGE PTY LTD,Private,
04142J,Epicure Skills Training,Private,
04143H,Platinum Education Pty Ltd,Private,http://www.platinumeducation.qld.edu.au/
04144G,Management Institute of Australia Pty Ltd,Private,
04145F,Acute Education Pty Ltd,Private,
04146E,PACIFIC COLLEGE SYDNEY PTY LTD,Private,
04147D,Allman College Pty. Ltd.,Private,
04149B,Infinity Business College Pty Ltd,Private,
04150J,Australia International Construction College Pty Ltd,Private,https://aicc.edu.au/
04151H,QTN Pty Ltd,Private,https://nexgen.edu.au
04152G,Insight Institute of Further Studies Pty Ltd,Private,
04153F,Ballarat Hospitality Pty Ltd,Private,
04155D,Phia Education Pty Ltd,Private,www.hopkins.edu.au
04156C,Australis Vocational College Pty Ltd,Private,
04158A,Lotus College Pty Ltd,Private,
04159M,United International College Pty Ltd,Private,
04161F,Management Institute Australia Pty Ltd,Private,www.miaustralia.edu.au
04162E,Hannan IT Pty Ltd,Private,
04163D,ACBT Education Pty Ltd,Private,
04164C,Native English Pty Ltd,Private,
04165B,Education IT Solutions Pty Ltd,Private,
04166A,Falcon Institute Pty Ltd,Private,
04167M,Southern Lights International Pty Ltd,Private,
04168K,Australian Guild of Education Pty Ltd,Private,https://www.guildmusic.edu.au/
04173B,Omni Futures Pty Ltd,Private,
04174A,Dynamite Management Australia Pty Ltd,Private,
04175M,Learner Centre Pty Ltd,Private,
04176K,Train2succeed Pty Ltd,Private,
04177J,Australian Industry Connect Security Academy Pty Ltd,Private,
04178H,B&P Education Pty Ltd,Private,www.ausfordcollege.edu.au
04180C,The Performance College Pty Ltd,Private,
04181B,Australasian Academy of Higher Education,Private,https://www.aahe.edu.au/
04182A,XAVIER INTERNATIONAL COLLEGE PTY LTD,Private,
04183M,Le Rosey Hospitality Institute Pty Ltd,Private,
04184K,Unified WA Pty Ltd,Private,
04185J,Making Education Pty Ltd AFT Making Education Trust,Private,
04186H,Clarence Valley Anglican School Council Inc,Private,
04187G,Green Academy Pty Ltd,Private,
04188F,P & J WADE PTY. LIMITED,Private,myskillsaustralia.edu.au
04189E,Fusion College of Technology Pty Ltd,Private,
04190A,Genesis Education and Training Pty Ltd,Private,www.aimerscollege.edu.au
04191M,Australian Institute of Advanced Technologies,Private,
04192K,Bankstown Helicopters Pty Ltd,Private,
04193J,JH HOWLAND GROUP PTY LTD,Private,
04194H,Edinburgh Institute Pty Ltd,Private,
04195G,Australian Institute of Technical Studies Pty Ltd,Private,
04196F,We Train Townsville Pty Ltd,Private,
04197E,Viva Institute Pty Ltd,Private,
04198D,Esteem Educators Pty Ltd,Private,
04199C,Times College Pty Ltd,Private,
04200D,Built Training & Education Pty Ltd,Private,
04201C,Spectrum College Pty Ltd,Private,
04202B,Southern Academy of Higher Education Pty Ltd,Private,
04203A,TUT Training College Pty Ltd,Private,
04205K,BNT College Pty Ltd,Private,
04206J,IBM NSW Pty Ltd,Private,
04207H,Australian Institute of Hospitality and Management Pty Ltd,Private,www.aihm.au
04208G,Asset Training Australia Pty Ltd,Private,
04210B,The College of Business Management Pty Ltd,Private,
04211A,SKILLS CLICK PTY LIMITED,Private,
04212M,ELPIS Education Pty Ltd,Private,
04213K,AUCTUS Consulting Pty Ltd,Private,
04214J,Skyline Higher Education Australia,Private,www.shea.edu.au
04215H,Hunter Education Group Pty Ltd,Private,
04216G,Royal Building Academy Pty Ltd,Private,
04217F,Melbourne Institute of Australia Pty Ltd,Private,
04218E,Global Leadership Institute,Private,www.gli.edu.au
04219D,IIBIT AHE Pty Ltd,Private,
04220M,Institute of Management and Computing Pty Ltd,Private,
04221K,Realm Vista Pty Ltd,Private,
04222J,JMDEDU PTY LTD,Private,
04223H,AUSTRALIAN NURSING AND TRAINING SERVICES PTY LTD,Private,
04224G,School of Engineering Australia Pty Ltd,Private,
04225F,Scientific Research Development Institute of Technology Australia Pty Ltd,Private,www.srdita.edu.au
04226E,Kingswood Institute Pty Ltd,Private,
04227D,Xcelit Institute Pty Ltd,Private,
04228C,St Thomas College Pty Ltd,Private,
04229B,Imperial Engineering Education,Private,www.imperialee.edu.au
04230J,BUYERS AGENT TRAINING PTY LTD,Private,
04231H,Astra Institute of Higher Education,Private,
04233F,Global Institute of Health Sciences Pty Ltd,Private,
04234E,City College Pty Ltd,Private,
04235D,Melbourne Institute of Business and Commerce Pty Ltd,Private,
04237B,Australian Technical Training Institute of Queensland Pty Ltd,Private,
04238A,Australian Institute of Work-Integrated Education and Research Pty Ltd,Private,
04239M,IVBT Pty Ltd,Private,
04240G,IMPEL Education Pty Ltd,Private,
04241F,STAMFORD INTERNATIONAL COLLEGE PTY LTD,Private,
04242E,Complete Hospitality Training (Vic) Pty Ltd,Private,https://cht.edu.au/
04243D,HiTech Institute Australia Pty Ltd,Private,
04244C,Oxford College Australia Pty Ltd,Private,
04245B,Adelaide Institute of Hair & Beauty Pty Ltd,Private,
04246A,Academics Australia Pty Ltd,Private,
04247M,REDFORD INSTITUTE OF VOCATIONAL STUDIES PTY LTD,Private,
04248K,Australian Dance Institute Pty Ltd,Private,
04249J,Adelaide University,Government,
04250E,Princeton Education Group Pty Ltd,Private,
04251D,MARUTI GLOBAL PTY LTD,Private,
04252C,Complete Learning Solutions Pty Ltd,Private,
04253B,Monday College Pty Ltd,Private,
04254A,Finix Institute Pty Ltd,Private,
04255M,Opal Education Group Pty Ltd,Private,
04256K,Aurora Institute of Australia Pty Ltd,Private,
04257J,G5 BROTHERS PTY LTD,Private,
04258H,Melvic College Australia Pty Ltd,Private,www.melvic.com.au
04259G,Orange English Pty Ltd,Private,
04260C,Western Star Academy Pty Ltd,Private,www.westernstaracademy.edu.au
04261B,Kentford International College Pty Ltd,Private,
04262A,Riverton English Academy Pty Ltd,Private,
04264K,Diverse Solutions Pty Ltd,Private,
04265J,Nova Anglia College Pty Ltd,Private,https://www.nac.edu.au/
04266H,Australian College of Technical Trades Pty Ltd,Private,
04267G,International Apex Institute Pty Ltd,Private,
04268F,Reliable College of Nursing Pty Ltd,Private,
04269E,A2 Education Pty Ltd,Private,
04270A,Nextstar Training College Pty Ltd,Private,
04271M,BCA Education Group Pty Ltd,Private,
04272K,Australian Skills Higher Academy Pty Ltd,Private,
04273J,Australian College of Technical Studies Pty. Ltd.,Private,
04274H,Study of Australian Technologies and Healthcare Education Pty Ltd,Private,www.satheducation.com.au
04275G,Apex Institute of Management Pty Ltd,Private,
04276F,Waratah Institute Australia Pty Ltd,Private,
04277E,Western Business Group Pty Ltd,Private,
04278D,CW EDUCATION GROUP PTY LTD,Private,
04279C,College of Construction and Management Pty Ltd,Private,
04281J,Fantastic Investment Australia Pty Ltd,Private,www.glenrichcollege.edu.au
04282H,Sterling International Training and Education Pty Ltd,Private,www.sterlinginternational.com.au
04283G,Australian Trade and Technical College Pty Ltd,Private,
04285E,Grampians College Pty Ltd,Private,
04286D,Quantum Prime Pty Ltd,Private,
04287C,Bestlearn Education Pty Ltd,Private,
04288B,Business College of Sydney Pty Ltd,Private,
04289A,Australian School of Business Pty Ltd,Private,www.australis.vic.edu.au
04290H,Million Brown Educations Pty Ltd,Private,
04291G,Sydney Institute of Business and Trades Pty Ltd,Private,
04293E,TAT (Security / Taxi Training) Pty Ltd,Private,
04294D,Iona Trinity College,Private,itc.edu.au
04296B,Ideal International Institute Pty Ltd,Private,
04297A,AIdrones Pty Ltd,Private,
04298M,AICE Pty Ltd,Private,https://www.aice.edu.au/
04299K,Sydney Brighter Future Academy Pty Ltd,Private,
04300M,Heyden Lakes Pty Ltd,Private,http://www.oscarinstitute.com.au
04301K,XPERT SOLUTIONS PTY LTD,Private,
04302J,Xceed Training Solutions Pty Ltd,Private,www.xceedtraining.com.au
04303H,MECONSULTING GROUP PTY LTD,Private,
04304G,Ashford College Pty Ltd,Private,
04305F,Vocational Augment Pty Ltd,Private,
04306E,Aura Education Pty Ltd,Private,
04307D,Heritage International College Pty Ltd,Private,
04308C,Sage College of Australia Pty Ltd,Private,
04309B,Greenhill Business School Pty Ltd,Private,
04310J,AEC EDUCATION GROUP PTY LTD,Private,
04311H,Language Savvy Pty Ltd,Private,
04312G,Progress Education & Training Pty Ltd,Private,
04313F,Siena College Limited,Private,http://www.siena.vic.edu.au
04314E,Lotus Learning and Trades Pty Ltd,Private,
04315D,Sydney College of English Pty Ltd,Private,
04316C,Excellence Trades College Pty Ltd,Private,
04317B,Koolardie Aviation Pty Ltd,Private,
04318A,UMA Education Solutions Ltd,Private,https://uma.edu.au/
04319M,Western Hill College Pty Ltd,Private,
04320G,Monaro Education Pty Limited,Private,Monaro.edu.au
04321F,Victorian Educational Institute of Management Studies Pty Ltd,Private,
04322E,Australian College of Pioneers Pty Ltd,Private,
04323D,Amazing English Pty Ltd,Private,
04324C,Pacific Islands Institute Pty Ltd,Private,
04326A,Mobile Welding Services Pty Ltd,Private,
04327M,ST MARTIN COLLEGE PTY LTD,Private,
04328K,National Institute of Science Pty Ltd,Private,
04329J,Institute of Culinary Education,Private,
04330E,Australian Institute of Trade & Training Pty Ltd,Private,
04331D,Central Gippsland College Pty Ltd,Private,
04332C,Hilltop College Australia Pty Ltd,Private,
04334A,Montford Group Pty Ltd,Private,
04335M,Pine International Institute Pty Ltd,Private,
04336K,MEGA Higher Education Pty Ltd,Private,
04337J,Australian Institute of Community and Health Management Pty Ltd,Private,
04338H,Go Educate Institute Pty Ltd,Private,
04339G,Sydney Institute of Technology Innovation Pty Ltd,Private,www.siti.nsw.edu.au
04340C,Access Recognised Training Pty Ltd,Private,https://www.accessrt.edu.au/
04341B,Ant College Pty Ltd,Private,
04342A,Education and Career Hub Pty Ltd,Private,www.lihe.edu.au
04343M,AUSTRALIAN VOCATIONAL EDUCATION PTY LTD,Private,
04344K,Techventure College for Management and Technology Pty Ltd,Private,
04345J,BBS Higher Education Pty Ltd,Private,www.bbs.vic.edu.au
04346H,Hampton College Pty Ltd,Private,
04347G,Professions Pty Ltd,Private,
04348F,Newage Institute Pty Ltd,Private,
04349E,Schofields Flying Club Ltd,Private,
04350A,Kensington Global College Pty Ltd,Private,www.kensingtonglobalcollege.com.au
04351M,Aspire Academy Australia Pty Ltd,Private,
04352K,Kingsford Institute of Higher Education Pty Ltd,Private,
04353J,Capital Education Institute Pty Ltd,Private,www.caped.au
04354H,Victorian Skills College Pty Ltd,Private,
04355G,KV Imperial College Pty Ltd,Private,
04356F,Profound Learn Pty Ltd,Private,
04357E,Blue Bird Institute Pty Ltd,Private,
04358D,AUSTRALIAN COLLEGE OF MANAGEMENT AND TRADE PTY LTD,Private,
04359C,Imperial Institute QLD Pty Ltd,Private,
04360K,The Academy of Business and Management Australia Pty Ltd,Private,
04361J,College for Community Support Pty Ltd,Private,
04362H,Risen Star College of Technology & Business Pty Ltd,Private,
04363G,Hessel Pty Ltd,Private,
04364F,Early Education Institute Pty Ltd,Private,
04365E,College Avalon Pty Ltd,Private,
04367C,Educare International College Pty Ltd,Private,
04368B,National Diversity Institute of Australia Pty Ltd,Private,
04369A,Pivot Education Pty Ltd,Private,
04370H,EDU4U Pty Ltd,Private,
04371G,Iris Trained Pty Ltd,Private,
04372F,Tianhua Education Services Pty Ltd,Private,
04373E,Oxford International College Pty Ltd,Private,
04374D,Indigo Polytechnic Pty Ltd,Private,
04375C,Laurus Higher Education Pty Ltd,Private,
04376B,INSTITUTE OF MANAGEMENT LEARNING PTY LTD,Private,
04377A,Aroha College Pty Ltd,Private,www.arohacollege.com.au
04380F,Bright Side Education Group Pty Ltd,Private,
04381E,OZZI GROUP PTY LTD,Private,
04383C,Mpower College Australia Pty Ltd,Private,
04385A,Vision College of Australia Pty Ltd,Private,
04388J,ANA Institute of Education Pty Ltd,Private,
